ts,model,arm,qid,grade,cost_usd,latency_s,running_total_usd
2026-04-23T11:32:40.989292+00:00,claude-haiku-4-5-20251001,cold,Q001,MISS,0.000847,2.084,0.000847
2026-04-23T11:32:43.069257+00:00,claude-haiku-4-5-20251001,cold,Q002,MISS,0.000656,1.625,0.001503
2026-04-23T11:32:45.962359+00:00,claude-haiku-4-5-20251001,cold,Q003,MISS,0.001055,2.410,0.002558
2026-04-23T11:32:49.114127+00:00,claude-haiku-4-5-20251001,cold,Q019,MISS,0.001158,2.661,0.003716
2026-04-23T11:32:51.447324+00:00,claude-haiku-4-5-20251001,cold,Q020,MISS,0.000660,1.858,0.004376
2026-04-23T11:32:53.900078+00:00,claude-haiku-4-5-20251001,cold,Q021,MISS,0.000696,1.971,0.005072
2026-04-23T11:32:56.021470+00:00,claude-haiku-4-5-20251001,cold,Q022,MISS,0.000654,1.639,0.005726
2026-04-23T11:32:58.182267+00:00,claude-haiku-4-5-20251001,cold,Q023,MISS,0.000695,1.687,0.006421
2026-04-23T11:33:00.369098+00:00,claude-haiku-4-5-20251001,cold,Q024,MISS,0.000732,1.704,0.007153
2026-04-23T11:33:02.555644+00:00,claude-haiku-4-5-20251001,cold,Q004,MISS,0.000739,1.710,0.007892
2026-04-23T11:33:04.849487+00:00,claude-haiku-4-5-20251001,cold,Q005,MISS,0.000575,1.811,0.008467
2026-04-23T11:33:07.341860+00:00,claude-haiku-4-5-20251001,cold,Q006,MISS,0.000797,2.014,0.009264
2026-04-23T11:33:10.316732+00:00,claude-haiku-4-5-20251001,cold,Q025,MISS,0.001022,2.493,0.010286
2026-04-23T11:33:13.176590+00:00,claude-haiku-4-5-20251001,cold,Q026,MISS,0.001002,2.380,0.011288
2026-04-23T11:33:15.583900+00:00,claude-haiku-4-5-20251001,cold,Q027,MISS,0.000763,1.926,0.012051
2026-04-23T11:33:19.203246+00:00,claude-haiku-4-5-20251001,cold,Q028,HIT,0.001168,3.140,0.013219
2026-04-23T11:33:21.616800+00:00,claude-haiku-4-5-20251001,cold,Q029,MISS,0.000769,1.937,0.013988
2026-04-23T11:33:23.529282+00:00,claude-haiku-4-5-20251001,cold,Q007,MISS,0.000489,1.429,0.014477
2026-04-23T11:33:25.991242+00:00,claude-haiku-4-5-20251001,cold,Q008,MISS,0.000454,1.979,0.014931
2026-04-23T11:33:28.376089+00:00,claude-haiku-4-5-20251001,cold,Q009,MISS,0.000781,1.934,0.015712
2026-04-23T11:33:30.522746+00:00,claude-haiku-4-5-20251001,cold,Q030,MISS,0.000629,1.665,0.016341
2026-04-23T11:33:32.550439+00:00,claude-haiku-4-5-20251001,cold,Q031,MISS,0.000549,1.546,0.016890
2026-04-23T11:33:34.633087+00:00,claude-haiku-4-5-20251001,cold,Q032,MISS,0.000603,1.598,0.017493
2026-04-23T11:33:36.784757+00:00,claude-haiku-4-5-20251001,cold,Q033,MISS,0.000639,1.669,0.018132
2026-04-23T11:33:38.918700+00:00,claude-haiku-4-5-20251001,cold,Q034,MISS,0.000594,1.671,0.018726
2026-04-23T11:33:41.051672+00:00,claude-haiku-4-5-20251001,cold,Q035,MISS,0.000579,1.651,0.019305
2026-04-23T11:33:44.427131+00:00,claude-haiku-4-5-20251001,cold,Q010,MISS,0.001152,2.892,0.020457
2026-04-23T11:33:47.382964+00:00,claude-haiku-4-5-20251001,cold,Q011,MISS,0.001108,2.473,0.021565
2026-04-23T11:33:50.166421+00:00,claude-haiku-4-5-20251001,cold,Q012,HIT,0.001243,2.301,0.022808
2026-04-23T11:33:52.303948+00:00,claude-haiku-4-5-20251001,cold,Q036,MISS,0.000717,1.660,0.023525
2026-04-23T11:33:54.811132+00:00,claude-haiku-4-5-20251001,cold,Q037,HIT,0.000812,2.025,0.024337
2026-04-23T11:33:57.963019+00:00,claude-haiku-4-5-20251001,cold,Q038,MISS,0.001026,2.675,0.025363
2026-04-23T11:34:00.489360+00:00,claude-haiku-4-5-20251001,cold,Q039,MISS,0.000783,2.047,0.026146
2026-04-23T11:34:02.802690+00:00,claude-haiku-4-5-20251001,cold,Q040,MISS,0.000721,1.838,0.026867
2026-04-23T11:34:04.897277+00:00,claude-haiku-4-5-20251001,cold,Q013,MISS,0.000613,1.610,0.027480
2026-04-23T11:34:07.859091+00:00,claude-haiku-4-5-20251001,cold,Q014,MISS,0.001007,2.481,0.028487
2026-04-23T11:34:09.885465+00:00,claude-haiku-4-5-20251001,cold,Q015,MISS,0.000578,1.543,0.029065
2026-04-23T11:34:11.834586+00:00,claude-haiku-4-5-20251001,cold,Q041,MISS,0.000697,1.468,0.029762
2026-04-23T11:34:14.960499+00:00,claude-haiku-4-5-20251001,cold,Q042,MISS,0.000819,2.647,0.030581
2026-04-23T11:34:17.293203+00:00,claude-haiku-4-5-20251001,cold,Q043,MISS,0.000795,1.850,0.031376
2026-04-23T11:34:20.180979+00:00,claude-haiku-4-5-20251001,cold,Q044,MISS,0.000846,2.406,0.032222
2026-04-23T11:34:22.562198+00:00,claude-haiku-4-5-20251001,cold,Q045,MISS,0.000759,1.895,0.032981
2026-04-23T11:34:25.041453+00:00,claude-haiku-4-5-20251001,cold,Q016,MISS,0.000853,1.997,0.033834
2026-04-23T11:34:27.384066+00:00,claude-haiku-4-5-20251001,cold,Q017,MISS,0.000828,1.870,0.034662
2026-04-23T11:34:29.803524+00:00,claude-haiku-4-5-20251001,cold,Q018,MISS,0.000677,1.938,0.035339
2026-04-23T11:34:32.323355+00:00,claude-haiku-4-5-20251001,cold,Q046,MISS,0.000730,2.037,0.036069
2026-04-23T11:34:36.893602+00:00,claude-haiku-4-5-20251001,cold,Q047,MISS,0.000616,4.086,0.036685
2026-04-23T11:34:39.122578+00:00,claude-haiku-4-5-20251001,cold,Q048,MISS,0.000725,1.748,0.037410
2026-04-23T11:34:41.791987+00:00,claude-haiku-4-5-20251001,cold,Q049,MISS,0.000980,2.187,0.038390
2026-04-23T11:34:44.035116+00:00,claude-haiku-4-5-20251001,cold,Q050,MISS,0.000728,1.758,0.039118
2026-04-23T11:34:47.401127+00:00,claude-haiku-4-5-20251001,hot_base,Q001,MISS,0.005332,2.890,0.044450
2026-04-23T11:34:50.122520+00:00,claude-haiku-4-5-20251001,hot_base,Q002,MISS,0.005096,2.235,0.049546
2026-04-23T11:34:52.880044+00:00,claude-haiku-4-5-20251001,hot_base,Q003,MISS,0.005050,2.334,0.054596
2026-04-23T11:34:55.956062+00:00,claude-haiku-4-5-20251001,hot_base,Q019,MISS,0.005158,2.595,0.059754
2026-04-23T11:34:59.271577+00:00,claude-haiku-4-5-20251001,hot_base,Q020,MISS,0.005465,2.833,0.065219
2026-04-23T11:35:01.852465+00:00,claude-haiku-4-5-20251001,hot_base,Q021,HIT,0.005146,2.101,0.070365
2026-04-23T11:35:05.574717+00:00,claude-haiku-4-5-20251001,hot_base,Q022,MISS,0.005529,3.240,0.075894
2026-04-23T11:35:08.304704+00:00,claude-haiku-4-5-20251001,hot_base,Q023,MISS,0.005070,2.248,0.080964
2026-04-23T11:35:11.433922+00:00,claude-haiku-4-5-20251001,hot_base,Q024,MISS,0.005227,2.656,0.086191
2026-04-23T11:35:14.572466+00:00,claude-haiku-4-5-20251001,hot_base,Q004,MISS,0.005204,2.659,0.091395
2026-04-23T11:35:17.453528+00:00,claude-haiku-4-5-20251001,hot_base,Q005,MISS,0.005135,2.399,0.096530
2026-04-23T11:35:20.516972+00:00,claude-haiku-4-5-20251001,hot_base,Q006,MISS,0.005087,2.582,0.101617
2026-04-23T11:35:25.226419+00:00,claude-haiku-4-5-20251001,hot_base,Q025,MISS,0.005737,4.226,0.107354
2026-04-23T11:35:28.728078+00:00,claude-haiku-4-5-20251001,hot_base,Q026,MISS,0.005187,3.019,0.112541
2026-04-23T11:35:33.297188+00:00,claude-haiku-4-5-20251001,hot_base,Q027,MISS,0.005748,4.086,0.118289
2026-04-23T11:35:37.370027+00:00,claude-haiku-4-5-20251001,hot_base,Q028,HIT,0.005443,3.594,0.123732
2026-04-23T11:35:40.613017+00:00,claude-haiku-4-5-20251001,hot_base,Q029,HIT,0.005314,2.766,0.129046
2026-04-23T11:35:44.014636+00:00,claude-haiku-4-5-20251001,hot_base,Q007,HOT,0.004984,2.925,0.134030
2026-04-23T11:35:47.120368+00:00,claude-haiku-4-5-20251001,hot_base,Q008,HIT,0.005274,2.626,0.139304
2026-04-23T11:35:50.894317+00:00,claude-haiku-4-5-20251001,hot_base,Q009,MISS,0.005586,3.296,0.144890
2026-04-23T11:35:53.269098+00:00,claude-haiku-4-5-20251001,hot_base,Q030,MISS,0.004994,1.897,0.149884
2026-04-23T11:35:55.863561+00:00,claude-haiku-4-5-20251001,hot_base,Q031,MISS,0.005129,2.119,0.155013
2026-04-23T11:35:58.856767+00:00,claude-haiku-4-5-20251001,hot_base,Q032,MISS,0.005333,2.514,0.160346
2026-04-23T11:36:01.612485+00:00,claude-haiku-4-5-20251001,hot_base,Q033,MISS,0.005169,2.280,0.165515
2026-04-23T11:36:04.526585+00:00,claude-haiku-4-5-20251001,hot_base,Q034,MISS,0.005229,2.442,0.170744
2026-04-23T11:36:07.864243+00:00,claude-haiku-4-5-20251001,hot_base,Q035,MISS,0.005339,2.859,0.176083
2026-04-23T11:36:11.105935+00:00,claude-haiku-4-5-20251001,hot_base,Q010,MISS,0.005412,2.763,0.181495
2026-04-23T11:36:15.065448+00:00,claude-haiku-4-5-20251001,hot_base,Q011,MISS,0.005573,3.482,0.187068
2026-04-23T11:36:19.016598+00:00,claude-haiku-4-5-20251001,hot_base,Q012,MISS,0.005613,3.471,0.192681
2026-04-23T11:36:21.991737+00:00,claude-haiku-4-5-20251001,hot_base,Q036,MISS,0.005057,2.496,0.197738
2026-04-23T11:36:26.697587+00:00,claude-haiku-4-5-20251001,hot_base,Q037,HIT,0.005847,4.228,0.203585
2026-04-23T11:36:30.082554+00:00,claude-haiku-4-5-20251001,hot_base,Q038,MISS,0.005321,2.905,0.208906
2026-04-23T11:36:33.416673+00:00,claude-haiku-4-5-20251001,hot_base,Q039,MISS,0.005303,2.855,0.214209
2026-04-23T11:36:37.155157+00:00,claude-haiku-4-5-20251001,hot_base,Q040,MISS,0.005266,3.257,0.219475
2026-04-23T11:36:40.262836+00:00,claude-haiku-4-5-20251001,hot_base,Q013,MISS,0.005358,2.630,0.224833
2026-04-23T11:36:43.839214+00:00,claude-haiku-4-5-20251001,hot_base,Q014,MISS,0.005427,3.098,0.230260
2026-04-23T11:36:47.163106+00:00,claude-haiku-4-5-20251001,hot_base,Q015,MISS,0.005013,2.846,0.235273
2026-04-23T11:36:51.405133+00:00,claude-haiku-4-5-20251001,hot_base,Q041,MISS,0.005617,3.765,0.240890
2026-04-23T11:36:55.071914+00:00,claude-haiku-4-5-20251001,hot_base,Q042,MISS,0.005464,3.187,0.246354
2026-04-23T11:36:57.990045+00:00,claude-haiku-4-5-20251001,hot_base,Q043,MISS,0.005170,2.441,0.251524
2026-04-23T11:37:00.855853+00:00,claude-haiku-4-5-20251001,hot_base,Q044,MISS,0.005046,2.388,0.256570
2026-04-23T11:37:04.591634+00:00,claude-haiku-4-5-20251001,hot_base,Q045,MISS,0.005444,3.256,0.262014
2026-04-23T11:37:07.657658+00:00,claude-haiku-4-5-20251001,hot_base,Q016,MISS,0.005123,2.590,0.267137
2026-04-23T11:37:12.348417+00:00,claude-haiku-4-5-20251001,hot_base,Q017,HOT,0.005773,4.211,0.272910
2026-04-23T11:37:14.783787+00:00,claude-haiku-4-5-20251001,hot_base,Q018,HIT,0.005067,1.957,0.277977
2026-04-23T11:37:17.918451+00:00,claude-haiku-4-5-20251001,hot_base,Q046,HIT,0.005225,2.657,0.283202
2026-04-23T11:37:21.517127+00:00,claude-haiku-4-5-20251001,hot_base,Q047,HIT,0.005461,3.122,0.288663
2026-04-23T11:37:25.536416+00:00,claude-haiku-4-5-20251001,hot_base,Q048,HIT,0.005245,3.541,0.293908
2026-04-23T11:37:30.463912+00:00,claude-haiku-4-5-20251001,hot_base,Q049,MISS,0.005635,4.453,0.299543
2026-04-23T11:37:34.881846+00:00,claude-haiku-4-5-20251001,hot_base,Q050,HIT,0.005553,3.939,0.305096
2026-04-23T11:37:39.036016+00:00,claude-haiku-4-5-20251001,hot_cathedral,Q001,MISS,0.006369,3.673,0.311465
2026-04-23T11:37:41.920023+00:00,claude-haiku-4-5-20251001,hot_cathedral,Q002,MISS,0.005660,2.402,0.317125
2026-04-23T11:37:44.504712+00:00,claude-haiku-4-5-20251001,hot_cathedral,Q003,HOT,0.006835,2.104,0.323960
2026-04-23T11:37:48.450571+00:00,claude-haiku-4-5-20251001,hot_cathedral,Q019,MISS,0.006205,3.466,0.330165
2026-04-23T11:37:52.863013+00:00,claude-haiku-4-5-20251001,hot_cathedral,Q020,MISS,0.005693,3.930,0.335858
2026-04-23T11:37:56.356166+00:00,claude-haiku-4-5-20251001,hot_cathedral,Q021,HIT,0.007591,3.010,0.343449
2026-04-23T11:37:59.726334+00:00,claude-haiku-4-5-20251001,hot_cathedral,Q022,MISS,0.005412,2.889,0.348861
2026-04-23T11:38:02.735468+00:00,claude-haiku-4-5-20251001,hot_cathedral,Q023,MISS,0.005268,2.528,0.354129
2026-04-23T11:38:06.536150+00:00,claude-haiku-4-5-20251001,hot_cathedral,Q024,HIT,0.006086,3.319,0.360215
2026-04-23T11:38:10.230384+00:00,claude-haiku-4-5-20251001,hot_cathedral,Q004,MISS,0.007179,3.212,0.367394
2026-04-23T11:38:14.893369+00:00,claude-haiku-4-5-20251001,hot_cathedral,Q005,MISS,0.005153,4.180,0.372547
2026-04-23T11:38:17.599871+00:00,claude-haiku-4-5-20251001,hot_cathedral,Q006,MISS,0.005135,2.225,0.377682
2026-04-23T11:38:24.337298+00:00,claude-haiku-4-5-20251001,hot_cathedral,Q025,HIT,0.006590,6.256,0.384272
2026-04-23T11:38:29.317723+00:00,claude-haiku-4-5-20251001,hot_cathedral,Q026,MISS,0.006689,4.501,0.390961
2026-04-23T11:38:33.970229+00:00,claude-haiku-4-5-20251001,hot_cathedral,Q027,MISS,0.005816,4.172,0.396777
2026-04-23T11:38:37.809213+00:00,claude-haiku-4-5-20251001,hot_cathedral,Q028,HIT,0.005476,3.358,0.402253
2026-04-23T11:38:41.787134+00:00,claude-haiku-4-5-20251001,hot_cathedral,Q029,HIT,0.005627,3.497,0.407880
2026-04-23T11:38:45.940081+00:00,claude-haiku-4-5-20251001,hot_cathedral,Q007,HOT,0.007714,3.671,0.415594
2026-04-23T11:38:49.565877+00:00,claude-haiku-4-5-20251001,hot_cathedral,Q008,HOT,0.008069,3.147,0.423663
2026-04-23T11:38:54.826896+00:00,claude-haiku-4-5-20251001,hot_cathedral,Q009,HIT,0.008436,4.814,0.432099
2026-04-23T11:38:59.179887+00:00,claude-haiku-4-5-20251001,hot_cathedral,Q030,MISS,0.007644,3.874,0.439743
2026-04-23T11:39:03.241282+00:00,claude-haiku-4-5-20251001,hot_cathedral,Q031,MISS,0.007864,3.589,0.447607
2026-04-23T11:39:07.887109+00:00,claude-haiku-4-5-20251001,hot_cathedral,Q032,MISS,0.008168,4.179,0.455775
2026-04-23T11:39:12.152441+00:00,claude-haiku-4-5-20251001,hot_cathedral,Q033,MISS,0.008184,3.804,0.463959
2026-04-23T11:39:16.674247+00:00,claude-haiku-4-5-20251001,hot_cathedral,Q034,HIT,0.008059,4.073,0.472018
2026-04-23T11:39:22.023894+00:00,claude-haiku-4-5-20251001,hot_cathedral,Q035,HIT,0.008219,4.870,0.480237
2026-04-23T11:39:26.044350+00:00,claude-haiku-4-5-20251001,hot_cathedral,Q010,MISS,0.007262,3.578,0.487499
2026-04-23T11:39:30.758641+00:00,claude-haiku-4-5-20251001,hot_cathedral,Q011,MISS,0.006026,4.260,0.493525
2026-04-23T11:39:34.854241+00:00,claude-haiku-4-5-20251001,hot_cathedral,Q012,MISS,0.005636,3.650,0.499161
2026-04-23T11:39:38.282727+00:00,claude-haiku-4-5-20251001,hot_cathedral,Q036,MISS,0.006254,2.967,0.505415
2026-04-23T11:39:45.300814+00:00,claude-haiku-4-5-20251001,hot_cathedral,Q037,HIT,0.006890,6.534,0.512305
2026-04-23T11:39:49.408841+00:00,claude-haiku-4-5-20251001,hot_cathedral,Q038,MISS,0.005709,3.642,0.518014
2026-04-23T11:39:52.472518+00:00,claude-haiku-4-5-20251001,hot_cathedral,Q039,MISS,0.005351,2.626,0.523365
2026-04-23T11:39:56.256187+00:00,claude-haiku-4-5-20251001,hot_cathedral,Q040,MISS,0.005504,3.303,0.528869
2026-04-23T11:40:00.063743+00:00,claude-haiku-4-5-20251001,hot_cathedral,Q013,HIT,0.005561,3.330,0.534430
2026-04-23T11:40:04.208523+00:00,claude-haiku-4-5-20251001,hot_cathedral,Q014,MISS,0.005900,3.678,0.540330
2026-04-23T11:40:08.382810+00:00,claude-haiku-4-5-20251001,hot_cathedral,Q015,MISS,0.005446,3.690,0.545776
2026-04-23T11:40:14.537542+00:00,claude-haiku-4-5-20251001,hot_cathedral,Q041,MISS,0.006290,5.690,0.552066
2026-04-23T11:40:18.411754+00:00,claude-haiku-4-5-20251001,hot_cathedral,Q042,MISS,0.006256,3.390,0.558322
2026-04-23T11:40:22.355499+00:00,claude-haiku-4-5-20251001,hot_cathedral,Q043,MISS,0.006325,3.485,0.564647
2026-04-23T11:40:25.847312+00:00,claude-haiku-4-5-20251001,hot_cathedral,Q044,MISS,0.005274,3.017,0.569921
2026-04-23T11:40:29.047771+00:00,claude-haiku-4-5-20251001,hot_cathedral,Q045,MISS,0.005412,2.732,0.575333
2026-04-23T11:40:33.209864+00:00,claude-haiku-4-5-20251001,hot_cathedral,Q016,MISS,0.006855,3.708,0.582188
2026-04-23T11:40:38.450022+00:00,claude-haiku-4-5-20251001,hot_cathedral,Q017,HOT,0.006036,4.785,0.588224
2026-04-23T11:40:43.040535+00:00,claude-haiku-4-5-20251001,hot_cathedral,Q018,HIT,0.008292,4.134,0.596516
2026-04-23T11:40:46.423470+00:00,claude-haiku-4-5-20251001,hot_cathedral,Q046,HIT,0.005363,2.912,0.601879
2026-04-23T11:40:50.723279+00:00,claude-haiku-4-5-20251001,hot_cathedral,Q047,HIT,0.005739,3.841,0.607618
2026-04-23T11:40:55.012368+00:00,claude-haiku-4-5-20251001,hot_cathedral,Q048,HIT,0.007970,3.805,0.615588
2026-04-23T11:41:00.293253+00:00,claude-haiku-4-5-20251001,hot_cathedral,Q049,HIT,0.006208,4.799,0.621796
2026-04-23T11:41:04.007010+00:00,claude-haiku-4-5-20251001,hot_cathedral,Q050,HIT,0.005401,3.237,0.627197
2026-04-23T11:41:08.317278+00:00,claude-opus-4-7,cold,Q001,MISS,0.011955,3.830,0.639152
2026-04-23T11:41:12.443259+00:00,claude-opus-4-7,cold,Q002,MISS,0.010395,3.680,0.649547
2026-04-23T11:41:16.720019+00:00,claude-opus-4-7,cold,Q003,MISS,0.014010,3.793,0.663557
2026-04-23T11:41:22.092365+00:00,claude-opus-4-7,cold,Q019,MISS,0.020715,4.899,0.684272
2026-04-23T11:41:27.439323+00:00,claude-opus-4-7,cold,Q020,MISS,0.016275,4.879,0.700547
2026-04-23T11:41:31.708822+00:00,claude-opus-4-7,cold,Q021,MISS,0.014460,3.828,0.715007
2026-04-23T11:41:35.675153+00:00,claude-opus-4-7,cold,Q022,MISS,0.011115,3.496,0.726122
2026-04-23T11:41:40.014645+00:00,claude-opus-4-7,cold,Q023,MISS,0.013815,3.860,0.739937
2026-04-23T11:41:44.090604+00:00,claude-opus-4-7,cold,Q024,MISS,0.011220,3.623,0.751157
2026-04-23T11:41:47.911793+00:00,claude-opus-4-7,cold,Q004,MISS,0.012300,3.339,0.763457
2026-04-23T11:41:51.421842+00:00,claude-opus-4-7,cold,Q005,MISS,0.010245,3.063,0.773702
2026-04-23T11:41:55.442828+00:00,claude-opus-4-7,cold,Q006,MISS,0.013320,3.551,0.787022
2026-04-23T11:42:01.430404+00:00,claude-opus-4-7,cold,Q025,MISS,0.022560,5.504,0.809582
2026-04-23T11:42:12.976134+00:00,claude-opus-4-7,cold,Q026,MISS,0.043035,11.062,0.852617
2026-04-23T11:42:17.834310+00:00,claude-opus-4-7,cold,Q027,MISS,0.015435,4.374,0.868052
2026-04-23T11:42:22.775455+00:00,claude-opus-4-7,cold,Q028,HIT,0.017085,4.495,0.885137
2026-04-23T11:42:27.992354+00:00,claude-opus-4-7,cold,Q029,HIT,0.018000,4.769,0.903137
2026-04-23T11:42:32.041539+00:00,claude-opus-4-7,cold,Q007,MISS,0.010965,3.605,0.914102
2026-04-23T11:42:35.707338+00:00,claude-opus-4-7,cold,Q008,MISS,0.010290,3.219,0.924392
2026-04-23T11:42:39.853861+00:00,claude-opus-4-7,cold,Q009,MISS,0.013500,3.701,0.937892
2026-04-23T11:42:44.945443+00:00,claude-opus-4-7,cold,Q030,MISS,0.012915,4.646,0.950807
2026-04-23T11:42:49.808321+00:00,claude-opus-4-7,cold,Q031,MISS,0.013815,4.388,0.964622
2026-04-23T11:42:54.638973+00:00,claude-opus-4-7,cold,Q032,MISS,0.013680,4.372,0.978302
2026-04-23T11:42:57.898788+00:00,claude-opus-4-7,cold,Q033,MISS,0.008715,2.798,0.987017
2026-04-23T11:43:02.442754+00:00,claude-opus-4-7,cold,Q034,MISS,0.012645,4.089,0.999662
2026-04-23T11:43:06.061015+00:00,claude-opus-4-7,cold,Q035,MISS,0.011040,3.157,1.010702
2026-04-23T11:43:10.476514+00:00,claude-opus-4-7,cold,Q010,MISS,0.014625,3.955,1.025327
2026-04-23T11:43:14.137156+00:00,claude-opus-4-7,cold,Q011,MISS,0.013260,3.195,1.038587
2026-04-23T11:43:20.060424+00:00,claude-opus-4-7,cold,Q012,MISS,0.018630,5.419,1.057217
2026-04-23T11:43:23.273949+00:00,claude-opus-4-7,cold,Q036,MISS,0.008430,2.752,1.065647
2026-04-23T11:43:28.779995+00:00,claude-opus-4-7,cold,Q037,HIT,0.019305,5.050,1.084952
2026-04-23T11:43:35.283208+00:00,claude-opus-4-7,cold,Q038,MISS,0.020895,6.053,1.105847
2026-04-23T11:43:39.680447+00:00,claude-opus-4-7,cold,Q039,MISS,0.014040,3.941,1.119887
2026-04-23T11:43:44.951269+00:00,claude-opus-4-7,cold,Q040,MISS,0.016365,4.821,1.136252
2026-04-23T11:43:48.857263+00:00,claude-opus-4-7,cold,Q013,MISS,0.011790,3.455,1.148042
2026-04-23T11:43:55.292510+00:00,claude-opus-4-7,cold,Q014,MISS,0.026205,5.979,1.174247
2026-04-23T11:43:59.293066+00:00,claude-opus-4-7,cold,Q015,MISS,0.009345,3.544,1.183592
2026-04-23T11:44:03.333317+00:00,claude-opus-4-7,cold,Q041,MISS,0.013395,3.589,1.196987
2026-04-23T11:44:08.196049+00:00,claude-opus-4-7,cold,Q042,MISS,0.015945,4.404,1.212932
2026-04-23T11:44:13.407625+00:00,claude-opus-4-7,cold,Q043,MISS,0.019920,4.756,1.232852
2026-04-23T11:44:19.293191+00:00,claude-opus-4-7,cold,Q044,MISS,0.018285,5.425,1.251137
2026-04-23T11:44:22.802499+00:00,claude-opus-4-7,cold,Q045,MISS,0.012090,3.054,1.263227
2026-04-23T11:44:26.835339+00:00,claude-opus-4-7,cold,Q016,MISS,0.012420,3.577,1.275647
2026-04-23T11:44:31.417721+00:00,claude-opus-4-7,cold,Q017,MISS,0.013335,4.129,1.288982
2026-04-23T11:44:34.540791+00:00,claude-opus-4-7,cold,Q018,MISS,0.009975,2.670,1.298957
2026-04-23T11:44:38.051250+00:00,claude-opus-4-7,cold,Q046,MISS,0.009990,3.051,1.308947
2026-04-23T11:44:43.402987+00:00,claude-opus-4-7,cold,Q047,MISS,0.015705,4.906,1.324652
2026-04-23T11:44:47.351051+00:00,claude-opus-4-7,cold,Q048,MISS,0.013620,3.451,1.338272
2026-04-23T11:44:51.802977+00:00,claude-opus-4-7,cold,Q049,MISS,0.016335,3.970,1.354607
2026-04-23T11:44:55.877781+00:00,claude-opus-4-7,cold,Q050,MISS,0.013185,3.598,1.367792
2026-04-23T11:44:58.910690+00:00,claude-opus-4-7,hot_base,Q001,MISS,0.103785,2.550,1.471577
2026-04-23T11:45:01.693443+00:00,claude-opus-4-7,hot_base,Q002,MISS,0.100725,2.301,1.572302
2026-04-23T11:45:05.445753+00:00,claude-opus-4-7,hot_base,Q003,MISS,0.104790,3.272,1.677092
2026-04-23T11:45:09.102624+00:00,claude-opus-4-7,hot_base,Q019,MISS,0.103620,3.180,1.780712
2026-04-23T11:45:13.370439+00:00,claude-opus-4-7,hot_base,Q020,MISS,0.107130,3.785,1.887842
2026-04-23T11:45:17.221065+00:00,claude-opus-4-7,hot_base,Q021,HIT,0.105315,3.370,1.993157
2026-04-23T11:45:20.941882+00:00,claude-opus-4-7,hot_base,Q022,MISS,0.105270,3.237,2.098427
2026-04-23T11:45:24.676507+00:00,claude-opus-4-7,hot_base,Q023,MISS,0.105195,3.254,2.203622
2026-04-23T11:45:28.239805+00:00,claude-opus-4-7,hot_base,Q024,MISS,0.104475,3.083,2.308097
2026-04-23T11:45:31.483928+00:00,claude-opus-4-7,hot_base,Q004,MISS,0.102180,2.764,2.410277
2026-04-23T11:45:35.424759+00:00,claude-opus-4-7,hot_base,Q005,MISS,0.105450,3.461,2.515727
2026-04-23T11:45:39.503847+00:00,claude-opus-4-7,hot_base,Q006,MISS,0.106650,3.596,2.622377
2026-04-23T11:45:57.014238+00:00,claude-opus-4-7,hot_base,Q025,HIT,0.162465,17.028,2.784842
2026-04-23T11:46:02.187513+00:00,claude-opus-4-7,hot_base,Q026,MISS,0.111315,4.692,2.896157
2026-04-23T11:46:11.521417+00:00,claude-opus-4-7,hot_base,Q027,MISS,0.122940,8.854,3.019097
2026-04-23T11:46:19.044523+00:00,claude-opus-4-7,hot_base,Q028,HIT,0.120615,7.045,3.139712
2026-04-23T11:46:23.778686+00:00,claude-opus-4-7,hot_base,Q029,MISS,0.108705,4.255,3.248417
2026-04-23T11:46:26.826857+00:00,claude-opus-4-7,hot_base,Q007,HOT,0.100620,2.569,3.349037
2026-04-23T11:46:30.711942+00:00,claude-opus-4-7,hot_base,Q008,HIT,0.105720,3.406,3.454757
2026-04-23T11:46:34.752262+00:00,claude-opus-4-7,hot_base,Q009,MISS,0.105480,3.556,3.560237
2026-04-23T11:46:38.177397+00:00,claude-opus-4-7,hot_base,Q030,MISS,0.102270,2.953,3.662507
2026-04-23T11:46:41.860112+00:00,claude-opus-4-7,hot_base,Q031,MISS,0.103920,3.201,3.766427
2026-04-23T11:46:46.239622+00:00,claude-opus-4-7,hot_base,Q032,MISS,0.106485,3.899,3.872912
2026-04-23T11:46:50.498999+00:00,claude-opus-4-7,hot_base,Q033,MISS,0.107670,3.777,3.980582
2026-04-23T11:46:55.127135+00:00,claude-opus-4-7,hot_base,Q034,MISS,0.106950,4.145,4.087532
2026-04-23T11:46:58.842594+00:00,claude-opus-4-7,hot_base,Q035,MISS,0.103920,3.239,4.191452
2026-04-23T11:47:02.345169+00:00,claude-opus-4-7,hot_base,Q010,MISS,0.104430,3.025,4.295882
2026-04-23T11:47:08.829294+00:00,claude-opus-4-7,hot_base,Q011,MISS,0.114915,6.004,4.410797
2026-04-23T11:47:12.416237+00:00,claude-opus-4-7,hot_base,Q012,MISS,0.101385,3.106,4.512182
2026-04-23T11:47:15.748509+00:00,claude-opus-4-7,hot_base,Q036,MISS,0.103560,2.851,4.615742
2026-04-23T11:47:24.067180+00:00,claude-opus-4-7,hot_base,Q037,HIT,0.127935,7.838,4.743677
2026-04-23T11:47:32.120077+00:00,claude-opus-4-7,hot_base,Q038,MISS,0.124125,7.574,4.867802
2026-04-23T11:47:35.769839+00:00,claude-opus-4-7,hot_base,Q039,MISS,0.103470,3.168,4.971272
2026-04-23T11:47:40.821008+00:00,claude-opus-4-7,hot_base,Q040,MISS,0.108870,4.570,5.080142
2026-04-23T11:47:43.778010+00:00,claude-opus-4-7,hot_base,Q013,MISS,0.101520,2.475,5.181662
2026-04-23T11:47:48.395922+00:00,claude-opus-4-7,hot_base,Q014,MISS,0.109860,4.136,5.291522
2026-04-23T11:47:53.851621+00:00,claude-opus-4-7,hot_base,Q015,MISS,0.105075,4.974,5.396597
2026-04-23T11:47:58.829627+00:00,claude-opus-4-7,hot_base,Q041,MISS,0.107400,4.495,5.503997
2026-04-23T11:48:03.107924+00:00,claude-opus-4-7,hot_base,Q042,MISS,0.106425,3.799,5.610422
2026-04-23T11:48:06.115544+00:00,claude-opus-4-7,hot_base,Q043,MISS,0.101775,2.527,5.712197
2026-04-23T11:48:09.717799+00:00,claude-opus-4-7,hot_base,Q044,MISS,0.104940,3.124,5.817137
2026-04-23T11:48:14.954883+00:00,claude-opus-4-7,hot_base,Q045,MISS,0.108270,4.758,5.925407
2026-04-23T11:48:18.473195+00:00,claude-opus-4-7,hot_base,Q016,MISS,0.103425,3.039,6.028832
2026-04-23T11:48:25.579009+00:00,claude-opus-4-7,hot_base,Q017,HOT,0.115065,6.628,6.143897
2026-04-23T11:48:30.218815+00:00,claude-opus-4-7,hot_base,Q018,HIT,0.107955,4.155,6.251852
2026-04-23T11:48:34.528376+00:00,claude-opus-4-7,hot_base,Q046,HIT,0.106620,3.822,6.358472
2026-04-23T11:48:41.981884+00:00,claude-opus-4-7,hot_base,Q047,HIT,0.122535,6.973,6.481007
2026-04-23T11:48:46.306981+00:00,claude-opus-4-7,hot_base,Q048,MISS,0.107325,3.845,6.588332
2026-04-23T11:48:53.040176+00:00,claude-opus-4-7,hot_base,Q049,HIT,0.119490,6.253,6.707822
2026-04-23T11:48:58.525080+00:00,claude-opus-4-7,hot_base,Q050,HIT,0.109215,5.005,6.817037
2026-04-23T11:49:03.256218+00:00,claude-opus-4-7,hot_cathedral,Q001,MISS,0.122730,4.252,6.939767
2026-04-23T11:49:07.639255+00:00,claude-opus-4-7,hot_cathedral,Q002,MISS,0.114945,3.906,7.054712
2026-04-23T11:49:13.638677+00:00,claude-opus-4-7,hot_cathedral,Q003,HOT,0.151665,5.517,7.206377
2026-04-23T11:49:16.383435+00:00,claude-opus-4-7,hot_cathedral,Q019,MISS,0.116040,2.261,7.322417
2026-04-23T11:49:21.988828+00:00,claude-opus-4-7,hot_cathedral,Q020,MISS,0.110700,5.124,7.433117
2026-04-23T11:49:26.538585+00:00,claude-opus-4-7,hot_cathedral,Q021,HIT,0.153465,4.069,7.586582
2026-04-23T11:49:31.277368+00:00,claude-opus-4-7,hot_cathedral,Q022,MISS,0.107265,4.256,7.693847
2026-04-23T11:49:35.926634+00:00,claude-opus-4-7,hot_cathedral,Q023,MISS,0.107640,4.170,7.801487
2026-04-23T11:49:39.544688+00:00,claude-opus-4-7,hot_cathedral,Q024,HIT,0.112695,3.137,7.914182
2026-04-23T11:49:47.417097+00:00,claude-opus-4-7,hot_cathedral,Q004,MISS,0.158430,7.392,8.072612
2026-04-23T11:49:50.766045+00:00,claude-opus-4-7,hot_cathedral,Q005,MISS,0.102345,2.870,8.174957
2026-04-23T11:49:54.872849+00:00,claude-opus-4-7,hot_cathedral,Q006,MISS,0.104295,3.626,8.279252
2026-04-23T11:50:14.691833+00:00,claude-opus-4-7,hot_cathedral,Q025,MISS,0.176535,19.335,8.455787
2026-04-23T11:50:20.759791+00:00,claude-opus-4-7,hot_cathedral,Q026,MISS,0.129660,5.587,8.585447
2026-04-23T11:50:29.830857+00:00,claude-opus-4-7,hot_cathedral,Q027,MISS,0.122910,8.589,8.708357
2026-04-23T11:50:42.763581+00:00,claude-opus-4-7,hot_cathedral,Q028,HIT,0.140835,12.449,8.849192
2026-04-23T11:50:47.059804+00:00,claude-opus-4-7,hot_cathedral,Q029,HIT,0.108150,3.816,8.957342
2026-04-23T11:50:50.936152+00:00,claude-opus-4-7,hot_cathedral,Q007,HOT,0.151320,3.396,9.108662
2026-04-23T11:50:56.296470+00:00,claude-opus-4-7,hot_cathedral,Q008,HOT,0.156270,4.882,9.264932
2026-04-23T11:51:02.959305+00:00,claude-opus-4-7,hot_cathedral,Q009,MISS,0.164130,6.184,9.429062
2026-04-23T11:51:06.932333+00:00,claude-opus-4-7,hot_cathedral,Q030,MISS,0.151170,3.491,9.580232
2026-04-23T11:51:10.764296+00:00,claude-opus-4-7,hot_cathedral,Q031,MISS,0.151470,3.350,9.731702
2026-04-23T11:51:17.210314+00:00,claude-opus-4-7,hot_cathedral,Q032,MISS,0.160260,5.967,9.891962
2026-04-23T11:51:24.274977+00:00,claude-opus-4-7,hot_cathedral,Q033,MISS,0.165420,6.584,10.057382
2026-04-23T11:51:32.355341+00:00,claude-opus-4-7,hot_cathedral,Q034,HIT,0.171900,7.597,10.229282
2026-04-23T11:51:43.162081+00:00,claude-opus-4-7,hot_cathedral,Q035,HOT,0.177345,10.332,10.406627
2026-04-23T11:51:48.792361+00:00,claude-opus-4-7,hot_cathedral,Q010,MISS,0.146055,5.150,10.552682
2026-04-23T11:51:53.517276+00:00,claude-opus-4-7,hot_cathedral,Q011,MISS,0.107760,4.242,10.660442
2026-04-23T11:51:58.279927+00:00,claude-opus-4-7,hot_cathedral,Q012,MISS,0.110730,4.276,10.771172
2026-04-23T11:52:02.073188+00:00,claude-opus-4-7,hot_cathedral,Q036,MISS,0.120255,3.312,10.891427
2026-04-23T11:52:15.646390+00:00,claude-opus-4-7,hot_cathedral,Q037,HIT,0.154530,13.094,11.045957
2026-04-23T11:52:20.725508+00:00,claude-opus-4-7,hot_cathedral,Q038,MISS,0.105645,4.597,11.151602
2026-04-23T11:52:24.644445+00:00,claude-opus-4-7,hot_cathedral,Q039,MISS,0.106965,3.438,11.258567
2026-04-23T11:52:27.420211+00:00,claude-opus-4-7,hot_cathedral,Q040,MISS,0.102090,2.292,11.360657
2026-04-23T11:52:30.768760+00:00,claude-opus-4-7,hot_cathedral,Q013,MISS,0.102915,2.867,11.463572
2026-04-23T11:52:35.306303+00:00,claude-opus-4-7,hot_cathedral,Q014,MISS,0.108030,4.058,11.571602
2026-04-23T11:52:43.544312+00:00,claude-opus-4-7,hot_cathedral,Q015,MISS,0.122970,7.755,11.694572
2026-04-23T11:52:50.039670+00:00,claude-opus-4-7,hot_cathedral,Q041,MISS,0.117645,6.011,11.812217
2026-04-23T11:52:56.857780+00:00,claude-opus-4-7,hot_cathedral,Q042,MISS,0.132645,6.335,11.944862
2026-04-23T11:53:02.744366+00:00,claude-opus-4-7,hot_cathedral,Q043,MISS,0.128580,5.403,12.073442
2026-04-23T11:53:06.701558+00:00,claude-opus-4-7,hot_cathedral,Q044,MISS,0.104685,3.477,12.178127
2026-04-23T11:53:12.315059+00:00,claude-opus-4-7,hot_cathedral,Q045,MISS,0.110340,5.134,12.288467
2026-04-23T11:53:19.158775+00:00,claude-opus-4-7,hot_cathedral,Q016,MISS,0.136845,6.426,12.425312
2026-04-23T11:53:28.456338+00:00,claude-opus-4-7,hot_cathedral,Q017,HOT,0.127860,8.880,12.553172
2026-04-23T11:53:37.939344+00:00,claude-opus-4-7,hot_cathedral,Q018,HOT,0.173730,9.058,12.726902
2026-04-23T11:53:41.484861+00:00,claude-opus-4-7,hot_cathedral,Q046,HIT,0.103740,3.128,12.830642
2026-04-23T11:53:51.765737+00:00,claude-opus-4-7,hot_cathedral,Q047,HIT,0.133530,9.858,12.964172
2026-04-23T11:53:58.171602+00:00,claude-opus-4-7,hot_cathedral,Q048,HIT,0.164550,5.990,13.128722
2026-04-23T11:54:08.832685+00:00,claude-opus-4-7,hot_cathedral,Q049,MISS,0.136485,10.243,13.265207
2026-04-23T11:54:19.931059+00:00,claude-opus-4-7,hot_cathedral,Q050,MISS,0.132660,10.681,13.397867
