timestamp,vendor,model,condition,lang,question_id,input_tokens,output_tokens,cost_usd,cumulative_total_usd
2026-04-23T03:06:09.563821+00:00,anthropic,claude-haiku-4-5-20251001,hot,en,Q01,0,0,0.0,0.0
2026-04-23T03:06:16.800472+00:00,anthropic,claude-haiku-4-5-20251001,hot,en,Q02,0,0,0.0,0.0
2026-04-23T03:06:24.813712+00:00,anthropic,claude-haiku-4-5-20251001,hot,en,Q03,0,0,0.0,0.0
2026-04-23T03:06:32.343647+00:00,anthropic,claude-haiku-4-5-20251001,hot,en,Q04,0,0,0.0,0.0
2026-04-23T03:06:39.786631+00:00,anthropic,claude-haiku-4-5-20251001,hot,en,Q05,0,0,0.0,0.0
2026-04-23T03:06:44.662806+00:00,openai,gpt-4o-mini,hot,en,Q01,3850,13,0.000585,0.000585
2026-04-23T03:06:46.359164+00:00,openai,gpt-4o-mini,hot,en,Q02,3854,14,0.000586,0.0011710000000000002
2026-04-23T03:06:47.512415+00:00,openai,gpt-4o-mini,hot,en,Q03,3850,12,0.000585,0.0017560000000000002
2026-04-23T03:06:49.027803+00:00,openai,gpt-4o-mini,hot,en,Q04,3855,19,0.00059,0.002346
2026-04-23T03:06:50.911062+00:00,openai,gpt-4o-mini,hot,en,Q05,3850,11,0.000584,0.00293
2026-04-23T03:06:52.124299+00:00,openai,gpt-4o-mini,hot,en,Q06,3852,16,0.000587,0.0035169999999999997
2026-04-23T03:06:53.702109+00:00,openai,gpt-4o-mini,hot,en,Q07,3849,42,0.000603,0.0041199999999999995
2026-04-23T03:06:55.999830+00:00,openai,gpt-4o-mini,hot,en,Q08,3858,47,0.000607,0.004726999999999999
2026-04-23T03:06:58.315034+00:00,openai,gpt-4o-mini,hot,en,Q09,3850,13,0.000585,0.005311999999999999
2026-04-23T03:06:59.438815+00:00,openai,gpt-4o-mini,hot,en,Q10,3853,18,0.000589,0.005900999999999999
2026-04-23T03:07:00.205642+00:00,openai,gpt-4o-mini,hot,en,Q11,3849,15,0.000586,0.006486999999999999
2026-04-23T03:07:00.983715+00:00,openai,gpt-4o-mini,hot,en,Q12,3852,19,0.000589,0.007075999999999999
2026-04-23T03:07:01.886657+00:00,openai,gpt-4o-mini,hot,en,Q13,3852,20,0.00059,0.007665999999999999
2026-04-23T03:07:02.896287+00:00,openai,gpt-4o-mini,hot,en,Q14,3857,18,0.000589,0.008254999999999998
2026-04-23T03:07:03.913783+00:00,openai,gpt-4o-mini,hot,en,Q15,3847,16,0.000587,0.008842
2026-04-23T03:07:05.841527+00:00,openai,gpt-4o-mini,hot,en,Q16,3851,19,0.000589,0.009430999999999998
2026-04-23T03:07:06.751455+00:00,openai,gpt-4o-mini,hot,en,Q17,3855,17,0.000588,0.010018999999999998
2026-04-23T03:07:07.971080+00:00,openai,gpt-4o-mini,hot,en,Q18,3852,26,0.000593,0.010611999999999998
2026-04-23T03:07:09.146587+00:00,openai,gpt-4o-mini,hot,en,Q19,3852,18,0.000589,0.011200999999999997
2026-04-23T03:07:10.054481+00:00,openai,gpt-4o-mini,hot,en,Q20,3849,14,0.000586,0.011786999999999997
2026-04-23T03:07:11.408180+00:00,openai,gpt-4o-mini,hot,en,Q21,3851,17,0.000588,0.012374999999999997
2026-04-23T03:07:12.650801+00:00,openai,gpt-4o-mini,hot,en,Q22,3854,21,0.000591,0.012965999999999997
2026-04-23T03:07:13.869870+00:00,openai,gpt-4o-mini,hot,en,Q23,3856,22,0.000592,0.013557999999999997
2026-04-23T03:07:15.237700+00:00,openai,gpt-4o-mini,hot,en,Q24,3857,29,0.000596,0.014153999999999996
2026-04-23T03:07:17.413444+00:00,openai,gpt-4o-mini,hot,en,Q25,3853,64,0.000616,0.014769999999999997
2026-04-23T03:07:19.134284+00:00,openai,gpt-4o-mini,hot,en,Q26,3857,21,0.000591,0.015360999999999996
2026-04-23T03:07:20.577503+00:00,openai,gpt-4o-mini,hot,en,Q27,3851,35,0.000599,0.015959999999999995
2026-04-23T03:07:24.038855+00:00,openai,gpt-4o-mini,hot,en,Q28,3846,11,0.000584,0.016543999999999996
2026-04-23T03:07:26.837597+00:00,openai,gpt-4o-mini,hot,en,Q29,3849,23,0.000591,0.017134999999999997
2026-04-23T03:07:28.640038+00:00,openai,gpt-4o-mini,hot,en,Q30,3856,24,0.000593,0.017727999999999997
2026-04-23T03:07:31.552869+00:00,openai,gpt-4o-mini,hot,en,Q31,3850,11,0.000584,0.018312
2026-04-23T03:07:32.752043+00:00,openai,gpt-4o-mini,hot,en,Q32,3848,10,0.000583,0.018895
2026-04-23T03:07:36.648776+00:00,openai,gpt-4o-mini,hot,en,Q33,3850,49,0.000607,0.019502
2026-04-23T03:07:39.660936+00:00,openai,gpt-4o-mini,hot,en,Q34,3862,61,0.000616,0.020117999999999997
2026-04-23T03:07:41.040454+00:00,openai,gpt-4o-mini,hot,en,Q35,3854,31,0.000597,0.020714999999999997
2026-04-23T03:07:42.210251+00:00,openai,gpt-4o-mini,hot,en,Q36,3854,22,0.000591,0.021306
2026-04-23T03:07:44.157883+00:00,openai,gpt-4o-mini,hot,en,Q37,3862,83,0.000629,0.021935
2026-04-23T03:07:45.358884+00:00,openai,gpt-4o-mini,hot,en,Q38,3853,23,0.000592,0.022527
2026-04-23T03:07:47.404785+00:00,openai,gpt-4o-mini,hot,en,Q39,3854,85,0.000629,0.023156
2026-04-23T03:07:49.394072+00:00,openai,gpt-4o-mini,hot,en,Q40,3864,74,0.000624,0.02378
2026-04-23T03:07:53.491297+00:00,openai,gpt-4o-mini,hot,en,Q41,3853,162,0.000675,0.024454999999999998
2026-04-23T03:07:55.224462+00:00,openai,gpt-4o-mini,hot,en,Q42,3850,47,0.000606,0.025060999999999996
2026-04-23T03:07:56.523994+00:00,openai,gpt-4o-mini,hot,en,Q43,3851,24,0.000592,0.025652999999999995
2026-04-23T03:07:57.916207+00:00,openai,gpt-4o-mini,hot,en,Q44,3855,29,0.000596,0.026248999999999995
2026-04-23T03:07:58.873605+00:00,openai,gpt-4o-mini,hot,en,Q45,3858,19,0.00059,0.026838999999999995
2026-04-23T03:08:01.215639+00:00,openai,gpt-4o-mini,hot,en,Q46,3865,23,0.000594,0.027432999999999996
2026-04-23T03:08:02.797205+00:00,openai,gpt-4o-mini,hot,en,Q47,3866,43,0.000606,0.028038999999999994
2026-04-23T03:08:04.357761+00:00,openai,gpt-4o-mini,hot,en,Q48,3858,35,0.0006,0.028638999999999994
2026-04-23T03:08:05.713527+00:00,openai,gpt-4o-mini,hot,en,Q49,3851,39,0.000601,0.029239999999999995
2026-04-23T03:08:08.666484+00:00,openai,gpt-4o-mini,hot,en,Q50,3853,116,0.000648,0.029887999999999994
2026-04-23T03:08:14.652453+00:00,openai,gpt-4o-mini,hot,en,Q51,3857,278,0.000745,0.030632999999999994
2026-04-23T03:08:20.878649+00:00,openai,gpt-4o-mini,hot,en,Q52,3859,240,0.000723,0.031355999999999995
2026-04-23T03:08:27.101980+00:00,openai,gpt-4o-mini,hot,en,Q53,3857,156,0.000672,0.032027999999999994
2026-04-23T03:08:28.302808+00:00,openai,gpt-4o-mini,hot,en,Q54,3861,28,0.000596,0.03262399999999999
2026-04-23T03:08:29.252862+00:00,openai,gpt-4o-mini,hot,en,Q55,3857,22,0.000592,0.033215999999999996
2026-04-23T03:08:38.104008+00:00,openai,gpt-4o-mini,hot,en,Q56,3895,462,0.000861,0.034076999999999996
2026-04-23T03:08:51.252441+00:00,openai,gpt-4o-mini,hot,en,Q57,3877,613,0.000949,0.035025999999999995
2026-04-23T03:09:05.392138+00:00,openai,gpt-4o-mini,hot,en,Q58,3865,358,0.000795,0.03582099999999999
2026-04-23T03:09:13.729307+00:00,openai,gpt-4o-mini,hot,en,Q59,3864,378,0.000806,0.03662699999999999
2026-04-23T03:09:17.242182+00:00,openai,gpt-4o-mini,hot,en,Q60,3874,146,0.000669,0.037295999999999996
2026-04-23T03:09:23.883774+00:00,openai,gpt-4o-mini,hot,en,Q61,3865,359,0.000795,0.03809099999999999
2026-04-23T03:09:31.163005+00:00,openai,gpt-4o-mini,hot,en,Q62,3866,329,0.000777,0.03886799999999999
2026-04-23T03:09:38.241928+00:00,openai,gpt-4o-mini,hot,en,Q63,3882,386,0.000814,0.039681999999999995
2026-04-23T03:09:47.457411+00:00,openai,gpt-4o-mini,hot,en,Q64,3898,497,0.000883,0.040565
2026-04-23T03:09:58.186015+00:00,openai,gpt-4o-mini,hot,en,Q65,3882,577,0.000929,0.041493999999999996
2026-04-23T03:10:00.819596+00:00,openai,gpt-4o-mini,hot,en,Q66,3900,131,0.000664,0.042157999999999994
2026-04-23T03:10:06.456690+00:00,openai,gpt-4o-mini,hot,en,Q67,3880,271,0.000745,0.042903
2026-04-23T03:10:09.248334+00:00,openai,gpt-4o-mini,hot,en,Q68,3880,112,0.000649,0.043551999999999993
2026-04-23T03:10:15.271199+00:00,openai,gpt-4o-mini,hot,en,Q69,3870,284,0.000751,0.044302999999999995
2026-04-23T03:10:17.482826+00:00,openai,gpt-4o-mini,hot,en,Q70,3863,80,0.000627,0.04493
2026-04-23T03:10:29.950011+00:00,openai,gpt-4o-mini,hot,en,Q71,3911,637,0.000969,0.045898999999999995
2026-04-23T03:10:32.790632+00:00,openai,gpt-4o-mini,hot,en,Q72,3878,135,0.000663,0.04656199999999999
2026-04-23T03:10:35.100350+00:00,openai,gpt-4o-mini,hot,en,Q73,3902,82,0.000634,0.047195999999999995
2026-04-23T03:10:38.239245+00:00,openai,gpt-4o-mini,hot,en,Q74,3867,153,0.000672,0.047867999999999994
2026-04-23T03:10:41.297924+00:00,openai,gpt-4o-mini,hot,en,Q75,3884,147,0.000671,0.04853899999999999
2026-04-23T03:10:43.007971+00:00,openai,gpt-4o-mini,cold,en,Q01,50,60,4.4e-05,0.048582999999999994
2026-04-23T03:10:44.481007+00:00,openai,gpt-4o-mini,cold,en,Q02,54,39,3.1e-05,0.048614
2026-04-23T03:10:46.130250+00:00,openai,gpt-4o-mini,cold,en,Q03,50,69,4.9e-05,0.048663
2026-04-23T03:10:49.659938+00:00,openai,gpt-4o-mini,cold,en,Q04,55,70,5e-05,0.048713
2026-04-23T03:10:52.006791+00:00,openai,gpt-4o-mini,cold,en,Q05,50,63,4.5e-05,0.048758
2026-04-23T03:10:53.847899+00:00,openai,gpt-4o-mini,cold,en,Q06,52,64,4.6e-05,0.048804
2026-04-23T03:10:57.025503+00:00,openai,gpt-4o-mini,cold,en,Q07,49,134,8.8e-05,0.048892
2026-04-23T03:10:59.018081+00:00,openai,gpt-4o-mini,cold,en,Q08,58,75,5.4e-05,0.048945999999999996
2026-04-23T03:11:00.603192+00:00,openai,gpt-4o-mini,cold,en,Q09,50,44,3.4e-05,0.048979999999999996
2026-04-23T03:11:02.657693+00:00,openai,gpt-4o-mini,cold,en,Q10,53,71,5.1e-05,0.049031
2026-04-23T03:11:04.355593+00:00,openai,gpt-4o-mini,cold,en,Q11,49,59,4.3e-05,0.049074
2026-04-23T03:11:05.766085+00:00,openai,gpt-4o-mini,cold,en,Q12,52,47,3.6e-05,0.04911
2026-04-23T03:11:07.448954+00:00,openai,gpt-4o-mini,cold,en,Q13,52,64,4.6e-05,0.049156
2026-04-23T03:11:09.936024+00:00,openai,gpt-4o-mini,cold,en,Q14,57,59,4.4e-05,0.0492
2026-04-23T03:11:11.152003+00:00,openai,gpt-4o-mini,cold,en,Q15,47,39,3e-05,0.04923
2026-04-23T03:11:12.712306+00:00,openai,gpt-4o-mini,cold,en,Q16,51,40,3.2e-05,0.049262
2026-04-23T03:11:13.689960+00:00,openai,gpt-4o-mini,cold,en,Q17,55,20,2e-05,0.049282
2026-04-23T03:11:15.900111+00:00,openai,gpt-4o-mini,cold,en,Q18,52,113,7.6e-05,0.049358
2026-04-23T03:11:17.466570+00:00,openai,gpt-4o-mini,cold,en,Q19,52,65,4.7e-05,0.049405
2026-04-23T03:11:19.362029+00:00,openai,gpt-4o-mini,cold,en,Q20,49,67,4.8e-05,0.049453
2026-04-23T03:11:20.983020+00:00,openai,gpt-4o-mini,cold,en,Q21,51,70,5e-05,0.049503
2026-04-23T03:11:22.644497+00:00,openai,gpt-4o-mini,cold,en,Q22,54,44,3.4e-05,0.049537
2026-04-23T03:11:25.501374+00:00,openai,gpt-4o-mini,cold,en,Q23,56,109,7.4e-05,0.049610999999999995
2026-04-23T03:11:26.868546+00:00,openai,gpt-4o-mini,cold,en,Q24,57,38,3.1e-05,0.049642
2026-04-23T03:11:28.173526+00:00,openai,gpt-4o-mini,cold,en,Q25,53,45,3.5e-05,0.049677
2026-04-23T03:11:29.812519+00:00,openai,gpt-4o-mini,cold,en,Q26,57,56,4.2e-05,0.049719
2026-04-23T03:11:31.961183+00:00,openai,gpt-4o-mini,cold,en,Q27,51,64,4.6e-05,0.049765
2026-04-23T03:11:33.373732+00:00,openai,gpt-4o-mini,cold,en,Q28,46,36,2.9e-05,0.049794
2026-04-23T03:11:35.585447+00:00,openai,gpt-4o-mini,cold,en,Q29,49,86,5.9e-05,0.049852999999999995
2026-04-23T03:11:36.908059+00:00,openai,gpt-4o-mini,cold,en,Q30,56,38,3.1e-05,0.049884
2026-04-23T03:11:38.450201+00:00,openai,gpt-4o-mini,cold,en,Q31,50,56,4.1e-05,0.049925
2026-04-23T03:11:40.013075+00:00,openai,gpt-4o-mini,cold,en,Q32,48,100,6.7e-05,0.049991999999999995
2026-04-23T03:11:44.579753+00:00,openai,gpt-4o-mini,cold,en,Q33,50,237,0.00015,0.05014199999999999
2026-04-23T03:11:46.450343+00:00,openai,gpt-4o-mini,cold,en,Q34,62,79,5.7e-05,0.050198999999999994
2026-04-23T03:11:48.956666+00:00,openai,gpt-4o-mini,cold,en,Q35,54,69,4.9e-05,0.050247999999999994
2026-04-23T03:11:51.515179+00:00,openai,gpt-4o-mini,cold,en,Q36,54,78,5.5e-05,0.050302999999999994
2026-04-23T03:11:56.080167+00:00,openai,gpt-4o-mini,cold,en,Q37,62,200,0.000129,0.05043199999999999
2026-04-23T03:11:59.666244+00:00,openai,gpt-4o-mini,cold,en,Q38,53,110,7.4e-05,0.05050599999999999
2026-04-23T03:12:00.721078+00:00,openai,gpt-4o-mini,cold,en,Q39,54,26,2.4e-05,0.05052999999999999
2026-04-23T03:12:02.507426+00:00,openai,gpt-4o-mini,cold,en,Q40,64,53,4.1e-05,0.05057099999999999
2026-04-23T03:12:08.820242+00:00,openai,gpt-4o-mini,cold,en,Q41,53,224,0.000142,0.050712999999999994
2026-04-23T03:12:10.568316+00:00,openai,gpt-4o-mini,cold,en,Q42,50,69,4.9e-05,0.050761999999999995
2026-04-23T03:12:11.943755+00:00,openai,gpt-4o-mini,cold,en,Q43,51,47,3.6e-05,0.050797999999999996
2026-04-23T03:12:15.168657+00:00,openai,gpt-4o-mini,cold,en,Q44,55,131,8.7e-05,0.05088499999999999
2026-04-23T03:12:16.668865+00:00,openai,gpt-4o-mini,cold,en,Q45,58,46,3.6e-05,0.050920999999999994
2026-04-23T03:12:18.176775+00:00,openai,gpt-4o-mini,cold,en,Q46,65,57,4.4e-05,0.050964999999999996
2026-04-23T03:12:21.089695+00:00,openai,gpt-4o-mini,cold,en,Q47,66,62,4.7e-05,0.051011999999999995
2026-04-23T03:12:23.673303+00:00,openai,gpt-4o-mini,cold,en,Q48,58,137,9.1e-05,0.051102999999999996
2026-04-23T03:12:25.943641+00:00,openai,gpt-4o-mini,cold,en,Q49,51,33,2.7e-05,0.051129999999999995
2026-04-23T03:12:28.288859+00:00,openai,gpt-4o-mini,cold,en,Q50,53,63,4.6e-05,0.05117599999999999
2026-04-23T03:12:31.477047+00:00,openai,gpt-4o-mini,cold,en,Q51,57,171,0.000111,0.05128699999999999
2026-04-23T03:12:37.592528+00:00,openai,gpt-4o-mini,cold,en,Q52,59,313,0.000197,0.051483999999999995
2026-04-23T03:12:41.495889+00:00,openai,gpt-4o-mini,cold,en,Q53,57,229,0.000146,0.051629999999999995
2026-04-23T03:12:43.046246+00:00,openai,gpt-4o-mini,cold,en,Q54,61,37,3.1e-05,0.051661
2026-04-23T03:12:44.388063+00:00,openai,gpt-4o-mini,cold,en,Q55,57,56,4.2e-05,0.051703
2026-04-23T03:12:54.267691+00:00,openai,gpt-4o-mini,cold,en,Q56,95,630,0.000392,0.052095
2026-04-23T03:13:05.428888+00:00,openai,gpt-4o-mini,cold,en,Q57,77,759,0.000467,0.052562000000000005
2026-04-23T03:13:16.417420+00:00,openai,gpt-4o-mini,cold,en,Q58,65,423,0.000264,0.052826000000000005
2026-04-23T03:13:22.238135+00:00,openai,gpt-4o-mini,cold,en,Q59,64,280,0.000178,0.053004
2026-04-23T03:13:26.660242+00:00,openai,gpt-4o-mini,cold,en,Q60,74,230,0.000149,0.053153000000000006
2026-04-23T03:13:37.459829+00:00,openai,gpt-4o-mini,cold,en,Q61,65,498,0.000309,0.053462
2026-04-23T03:13:43.942171+00:00,openai,gpt-4o-mini,cold,en,Q62,66,409,0.000255,0.053717
2026-04-23T03:13:50.963402+00:00,openai,gpt-4o-mini,cold,en,Q63,82,388,0.000245,0.053962
2026-04-23T03:13:52.903193+00:00,openai,gpt-4o-mini,cold,en,Q64,98,59,5e-05,0.054012000000000004
2026-04-23T03:13:59.015804+00:00,openai,gpt-4o-mini,cold,en,Q65,82,430,0.00027,0.054282000000000004
2026-04-23T03:14:03.697615+00:00,openai,gpt-4o-mini,cold,en,Q66,100,272,0.000178,0.05446
2026-04-23T03:14:07.179936+00:00,openai,gpt-4o-mini,cold,en,Q67,80,151,0.000103,0.054563
2026-04-23T03:14:11.977668+00:00,openai,gpt-4o-mini,cold,en,Q68,80,258,0.000167,0.05473
2026-04-23T03:14:16.625268+00:00,openai,gpt-4o-mini,cold,en,Q69,70,263,0.000168,0.054898
2026-04-23T03:14:20.209663+00:00,openai,gpt-4o-mini,cold,en,Q70,63,143,9.5e-05,0.054993
2026-04-23T03:14:29.358266+00:00,openai,gpt-4o-mini,cold,en,Q71,111,479,0.000304,0.055297
2026-04-23T03:14:32.603967+00:00,openai,gpt-4o-mini,cold,en,Q72,78,166,0.000111,0.055408
2026-04-23T03:14:36.419709+00:00,openai,gpt-4o-mini,cold,en,Q73,102,169,0.000117,0.055525
2026-04-23T03:14:41.498931+00:00,openai,gpt-4o-mini,cold,en,Q74,67,350,0.00022,0.055744999999999996
2026-04-23T03:14:45.879325+00:00,openai,gpt-4o-mini,cold,en,Q75,84,231,0.000151,0.055895999999999994
2026-04-23T03:14:48.789267+00:00,google,gemini-2.5-flash,hot,en,Q01,4327,16,0.000659,0.056554999999999994
2026-04-23T03:14:50.775756+00:00,google,gemini-2.5-flash,hot,en,Q02,4331,17,0.00066,0.057214999999999995
2026-04-23T03:14:52.701803+00:00,google,gemini-2.5-flash,hot,en,Q03,4327,14,0.000657,0.05787199999999999
2026-04-23T03:14:54.528633+00:00,google,gemini-2.5-flash,hot,en,Q04,4332,24,0.000664,0.05853599999999999
2026-04-23T03:14:56.940125+00:00,google,gemini-2.5-flash,hot,en,Q05,4327,12,0.000656,0.05919199999999999
2026-04-23T03:14:58.910455+00:00,google,gemini-2.5-flash,hot,en,Q06,4329,18,0.00066,0.05985199999999999
2026-04-23T03:15:01.054810+00:00,google,gemini-2.5-flash,hot,en,Q07,4327,26,0.000665,0.06051699999999999
2026-04-23T03:15:04.258167+00:00,google,gemini-2.5-flash,hot,en,Q08,4337,27,0.000667,0.06118399999999999
2026-04-23T03:15:05.844548+00:00,google,gemini-2.5-flash,hot,en,Q09,4327,16,0.000659,0.06184299999999999
2026-04-23T03:15:07.920113+00:00,google,gemini-2.5-flash,hot,en,Q10,4331,22,0.000663,0.06250599999999999
2026-04-23T03:15:10.144770+00:00,google,gemini-2.5-flash,hot,en,Q11,4326,20,0.000661,0.06316699999999999
2026-04-23T03:15:12.058957+00:00,google,gemini-2.5-flash,hot,en,Q12,4329,20,0.000661,0.06382799999999998
2026-04-23T03:15:14.147881+00:00,google,gemini-2.5-flash,hot,en,Q13,4330,21,0.000662,0.06448999999999998
2026-04-23T03:15:16.963718+00:00,google,gemini-2.5-flash,hot,en,Q14,4334,21,0.000663,0.06515299999999997
2026-04-23T03:15:18.566470+00:00,google,gemini-2.5-flash,hot,en,Q15,4324,20,0.000661,0.06581399999999997
2026-04-23T03:15:20.569936+00:00,google,gemini-2.5-flash,hot,en,Q16,4329,17,0.00066,0.06647399999999996
2026-04-23T03:15:22.302909+00:00,google,gemini-2.5-flash,hot,en,Q17,4332,23,0.000664,0.06713799999999996
2026-04-23T03:15:24.304821+00:00,google,gemini-2.5-flash,hot,en,Q18,4328,26,0.000665,0.06780299999999996
2026-04-23T03:15:25.935797+00:00,google,gemini-2.5-flash,hot,en,Q19,4331,20,0.000662,0.06846499999999996
2026-04-23T03:15:27.622639+00:00,google,gemini-2.5-flash,hot,en,Q20,4326,16,0.000659,0.06912399999999996
2026-04-23T03:15:29.929733+00:00,google,gemini-2.5-flash,hot,en,Q21,4329,19,0.000661,0.06978499999999996
2026-04-23T03:15:31.503291+00:00,google,gemini-2.5-flash,hot,en,Q22,4331,22,0.000663,0.07044799999999996
2026-04-23T03:15:33.157418+00:00,google,gemini-2.5-flash,hot,en,Q23,4333,23,0.000664,0.07111199999999995
2026-04-23T03:15:34.848146+00:00,google,gemini-2.5-flash,hot,en,Q24,4334,26,0.000666,0.07177799999999995
2026-04-23T03:15:36.703337+00:00,google,gemini-2.5-flash,hot,en,Q25,4331,65,0.000689,0.07246699999999995
2026-04-23T03:15:38.763938+00:00,google,gemini-2.5-flash,hot,en,Q26,4334,24,0.000665,0.07313199999999995
2026-04-23T03:15:41.390969+00:00,google,gemini-2.5-flash,hot,en,Q27,4329,42,0.000675,0.07380699999999994
2026-04-23T03:15:43.493419+00:00,google,gemini-2.5-flash,hot,en,Q28,4323,17,0.000659,0.07446599999999995
2026-04-23T03:15:46.264732+00:00,google,gemini-2.5-flash,hot,en,Q29,4327,32,0.000668,0.07513399999999995
2026-04-23T03:15:48.665038+00:00,google,gemini-2.5-flash,hot,en,Q30,4333,23,0.000664,0.07579799999999995
2026-04-23T03:15:50.265694+00:00,google,gemini-2.5-flash,hot,en,Q31,4327,17,0.000659,0.07645699999999996
2026-04-23T03:15:51.858839+00:00,google,gemini-2.5-flash,hot,en,Q32,4325,12,0.000656,0.07711299999999996
2026-04-23T03:15:54.111059+00:00,google,gemini-2.5-flash,hot,en,Q33,4327,65,0.000688,0.07780099999999995
2026-04-23T03:15:56.309763+00:00,google,gemini-2.5-flash,hot,en,Q34,4338,84,0.000701,0.07850199999999995
2026-04-23T03:15:57.938963+00:00,google,gemini-2.5-flash,hot,en,Q35,4331,26,0.000665,0.07916699999999995
2026-04-23T03:15:59.999230+00:00,google,gemini-2.5-flash,hot,en,Q36,4332,27,0.000666,0.07983299999999995
2026-04-23T03:16:02.107626+00:00,google,gemini-2.5-flash,hot,en,Q37,4339,74,0.000695,0.08052799999999995
2026-04-23T03:16:04.439519+00:00,google,gemini-2.5-flash,hot,en,Q38,4330,25,0.000664,0.08119199999999994
2026-04-23T03:16:06.251294+00:00,google,gemini-2.5-flash,hot,en,Q39,4332,35,0.000671,0.08186299999999995
2026-04-23T03:16:08.491805+00:00,google,gemini-2.5-flash,hot,en,Q40,4342,63,0.000689,0.08255199999999994
2026-04-23T03:16:10.972724+00:00,google,gemini-2.5-flash,hot,en,Q41,4332,125,0.000725,0.08327699999999995
2026-04-23T03:16:13.304447+00:00,google,gemini-2.5-flash,hot,en,Q42,4328,29,0.000667,0.08394399999999995
2026-04-23T03:16:14.900142+00:00,google,gemini-2.5-flash,hot,en,Q43,4328,22,0.000662,0.08460599999999995
2026-04-23T03:16:17.239207+00:00,google,gemini-2.5-flash,hot,en,Q44,4333,32,0.000669,0.08527499999999995
2026-04-23T03:16:19.290304+00:00,google,gemini-2.5-flash,hot,en,Q45,4335,25,0.000665,0.08593999999999995
2026-04-23T03:16:21.456604+00:00,google,gemini-2.5-flash,hot,en,Q46,4342,36,0.000673,0.08661299999999994
2026-04-23T03:16:23.805343+00:00,google,gemini-2.5-flash,hot,en,Q47,4345,71,0.000694,0.08730699999999994
2026-04-23T03:16:26.165853+00:00,google,gemini-2.5-flash,hot,en,Q48,4335,37,0.000672,0.08797899999999995
2026-04-23T03:16:28.409885+00:00,google,gemini-2.5-flash,hot,en,Q49,4330,44,0.000676,0.08865499999999994
2026-04-23T03:16:30.467442+00:00,google,gemini-2.5-flash,hot,en,Q50,4333,58,0.000685,0.08933999999999995
2026-04-23T03:16:33.225188+00:00,google,gemini-2.5-flash,hot,en,Q51,4334,170,0.000752,0.09009199999999995
2026-04-23T03:16:36.517905+00:00,google,gemini-2.5-flash,hot,en,Q52,4336,203,0.000772,0.09086399999999994
2026-04-23T03:16:38.940101+00:00,google,gemini-2.5-flash,hot,en,Q53,4335,69,0.000692,0.09155599999999994
2026-04-23T03:16:40.922916+00:00,google,gemini-2.5-flash,hot,en,Q54,4338,31,0.000669,0.09222499999999995
2026-04-23T03:16:42.712764+00:00,google,gemini-2.5-flash,hot,en,Q55,4334,25,0.000665,0.09288999999999994
2026-04-23T03:16:53.858503+00:00,google,gemini-2.5-flash,hot,en,Q56,4377,152,0.000748,0.09363799999999994
2026-04-23T03:17:03.494464+00:00,google,gemini-2.5-flash,hot,en,Q57,4357,1377,0.00148,0.09511799999999994
2026-04-23T03:17:10.718957+00:00,google,gemini-2.5-flash,hot,en,Q58,4342,390,0.000885,0.09600299999999994
2026-04-23T03:17:17.039324+00:00,google,gemini-2.5-flash,hot,en,Q59,4342,516,0.000961,0.09696399999999994
2026-04-23T03:17:22.842639+00:00,google,gemini-2.5-flash,hot,en,Q60,4357,303,0.000835,0.09779899999999994
2026-04-23T03:17:28.815318+00:00,google,gemini-2.5-flash,hot,en,Q61,4343,363,0.000869,0.09866799999999994
2026-04-23T03:17:37.502914+00:00,google,gemini-2.5-flash,hot,en,Q62,4343,464,0.00093,0.09959799999999994
2026-04-23T03:17:44.122380+00:00,google,gemini-2.5-flash,hot,en,Q63,4358,452,0.000925,0.10052299999999993
2026-04-23T03:17:52.917323+00:00,google,gemini-2.5-flash,hot,en,Q64,4374,286,0.000828,0.10135099999999993
2026-04-23T03:18:03.740576+00:00,google,gemini-2.5-flash,hot,en,Q65,4360,935,0.001215,0.10256599999999992
2026-04-23T03:18:09.058669+00:00,google,gemini-2.5-flash,hot,en,Q66,4388,280,0.000826,0.10339199999999991
2026-04-23T03:18:19.094061+00:00,google,gemini-2.5-flash,hot,en,Q67,4359,660,0.00105,0.10444199999999991
2026-04-23T03:18:25.001709+00:00,google,gemini-2.5-flash,hot,en,Q68,4359,244,0.0008,0.1052419999999999
2026-04-23T03:18:32.745191+00:00,google,gemini-2.5-flash,hot,en,Q69,4348,580,0.001,0.1062419999999999
2026-04-23T03:18:35.127771+00:00,google,gemini-2.5-flash,hot,en,Q70,4343,94,0.000708,0.1069499999999999
2026-04-23T03:18:45.816142+00:00,google,gemini-2.5-flash,hot,en,Q71,4393,81,0.000708,0.1076579999999999
2026-04-23T03:18:48.846771+00:00,google,gemini-2.5-flash,hot,en,Q72,4356,94,0.00071,0.10836799999999991
2026-04-23T03:19:00.920942+00:00,google,gemini-2.5-flash,hot,en,Q73,4389,82,0.000708,0.10907599999999991
2026-04-23T03:19:04.868680+00:00,google,gemini-2.5-flash,hot,en,Q74,4346,209,0.000777,0.10985299999999991
2026-04-23T03:19:28.729686+00:00,google,gemini-2.5-flash,hot,en,Q75,4359,176,0.000759,0.1106119999999999
2026-04-23T03:19:32.495717+00:00,google,gemini-2.5-flash,cold,en,Q01,45,52,3.8e-05,0.1106499999999999
2026-04-23T03:19:36.676476+00:00,google,gemini-2.5-flash,cold,en,Q02,49,116,7.7e-05,0.1107269999999999
2026-04-23T03:19:42.084013+00:00,google,gemini-2.5-flash,cold,en,Q03,45,132,8.6e-05,0.1108129999999999
2026-04-23T03:19:46.622721+00:00,google,gemini-2.5-flash,cold,en,Q04,50,104,7e-05,0.1108829999999999
2026-04-23T03:19:52.447447+00:00,google,gemini-2.5-flash,cold,en,Q05,45,38,3e-05,0.1109129999999999
2026-04-23T03:19:56.065717+00:00,google,gemini-2.5-flash,cold,en,Q06,47,84,5.7e-05,0.1109699999999999
2026-04-23T03:20:00.271233+00:00,google,gemini-2.5-flash,cold,en,Q07,45,99,6.6e-05,0.1110359999999999
2026-04-23T03:20:08.478994+00:00,google,gemini-2.5-flash,cold,en,Q08,55,413,0.000256,0.1112919999999999
2026-04-23T03:20:12.170881+00:00,google,gemini-2.5-flash,cold,en,Q09,45,143,9.3e-05,0.1113849999999999
2026-04-23T03:20:15.551368+00:00,google,gemini-2.5-flash,cold,en,Q10,49,76,5.3e-05,0.1114379999999999
2026-04-23T03:20:19.549838+00:00,google,gemini-2.5-flash,cold,en,Q11,44,232,0.000146,0.11158399999999989
2026-04-23T03:20:25.634300+00:00,google,gemini-2.5-flash,cold,en,Q12,47,156,0.000101,0.1116849999999999
2026-04-23T03:20:28.846008+00:00,google,gemini-2.5-flash,cold,en,Q13,48,98,6.6e-05,0.11175099999999989
2026-04-23T03:20:31.529462+00:00,google,gemini-2.5-flash,cold,en,Q14,52,19,1.9e-05,0.1117699999999999
2026-04-23T03:20:33.780661+00:00,google,gemini-2.5-flash,cold,en,Q15,42,19,1.8e-05,0.1117879999999999
2026-04-23T03:20:37.456117+00:00,google,gemini-2.5-flash,cold,en,Q16,47,70,4.9e-05,0.1118369999999999
2026-04-23T03:20:41.638113+00:00,google,gemini-2.5-flash,cold,en,Q17,50,86,5.9e-05,0.1118959999999999
2026-04-23T03:20:52.926795+00:00,google,gemini-2.5-flash,cold,en,Q18,46,158,0.000102,0.1119979999999999
2026-04-23T03:20:57.451970+00:00,google,gemini-2.5-flash,cold,en,Q19,49,119,7.9e-05,0.1120769999999999
2026-04-23T03:21:03.176501+00:00,google,gemini-2.5-flash,cold,en,Q20,44,177,0.000113,0.1121899999999999
2026-04-23T03:21:09.359468+00:00,google,gemini-2.5-flash,cold,en,Q21,47,244,0.000153,0.1123429999999999
2026-04-23T03:21:14.510885+00:00,google,gemini-2.5-flash,cold,en,Q22,49,110,7.3e-05,0.1124159999999999
2026-04-23T03:21:18.281691+00:00,google,gemini-2.5-flash,cold,en,Q23,51,88,6e-05,0.11247599999999991
2026-04-23T03:21:20.874493+00:00,google,gemini-2.5-flash,cold,en,Q24,52,33,2.8e-05,0.11250399999999991
2026-04-23T03:21:27.081321+00:00,google,gemini-2.5-flash,cold,en,Q25,49,195,0.000124,0.11262799999999991
2026-04-23T03:21:31.372025+00:00,google,gemini-2.5-flash,cold,en,Q26,52,50,3.8e-05,0.1126659999999999
2026-04-23T03:21:34.508566+00:00,google,gemini-2.5-flash,cold,en,Q27,47,86,5.9e-05,0.11272499999999991
2026-04-23T03:21:37.145692+00:00,google,gemini-2.5-flash,cold,en,Q28,41,70,4.8e-05,0.11277299999999991
2026-04-23T03:21:42.096649+00:00,google,gemini-2.5-flash,cold,en,Q29,45,145,9.4e-05,0.11286699999999991
2026-04-23T03:21:46.243336+00:00,google,gemini-2.5-flash,cold,en,Q30,51,59,4.3e-05,0.11290999999999991
2026-04-23T03:21:48.906867+00:00,google,gemini-2.5-flash,cold,en,Q31,45,71,4.9e-05,0.1129589999999999
2026-04-23T03:21:55.688423+00:00,google,gemini-2.5-flash,cold,en,Q32,43,357,0.000221,0.1131799999999999
2026-04-23T03:22:06.881571+00:00,google,gemini-2.5-flash,cold,en,Q33,45,695,0.000424,0.1136039999999999
2026-04-23T03:22:14.556441+00:00,google,gemini-2.5-flash,cold,en,Q34,56,337,0.000211,0.1138149999999999
2026-04-23T03:22:20.334696+00:00,google,gemini-2.5-flash,cold,en,Q35,49,193,0.000123,0.1139379999999999
2026-04-23T03:22:23.719596+00:00,google,gemini-2.5-flash,cold,en,Q36,50,158,0.000102,0.1140399999999999
2026-04-23T03:22:30.437505+00:00,google,gemini-2.5-flash,cold,en,Q37,57,147,9.7e-05,0.1141369999999999
2026-04-23T03:22:34.191610+00:00,google,gemini-2.5-flash,cold,en,Q38,48,118,7.8e-05,0.1142149999999999
2026-04-23T03:22:36.730815+00:00,google,gemini-2.5-flash,cold,en,Q39,50,66,4.7e-05,0.1142619999999999
2026-04-23T03:22:44.124104+00:00,google,gemini-2.5-flash,cold,en,Q40,60,122,8.2e-05,0.1143439999999999
2026-04-23T03:22:56.031735+00:00,google,gemini-2.5-flash,cold,en,Q41,50,606,0.000371,0.1147149999999999
2026-04-23T03:22:59.330217+00:00,google,gemini-2.5-flash,cold,en,Q42,46,186,0.000118,0.1148329999999999
2026-04-23T03:23:02.391602+00:00,google,gemini-2.5-flash,cold,en,Q43,46,46,3.4e-05,0.1148669999999999
2026-04-23T03:23:12.582955+00:00,google,gemini-2.5-flash,cold,en,Q44,51,667,0.000408,0.1152749999999999
2026-04-23T03:23:15.434784+00:00,google,gemini-2.5-flash,cold,en,Q45,53,47,3.6e-05,0.1153109999999999
2026-04-23T03:23:21.083629+00:00,google,gemini-2.5-flash,cold,en,Q46,60,145,9.6e-05,0.1154069999999999
2026-04-23T03:23:28.412046+00:00,google,gemini-2.5-flash,cold,en,Q47,63,378,0.000236,0.1156429999999999
2026-04-23T03:23:38.314275+00:00,google,gemini-2.5-flash,cold,en,Q48,53,811,0.000495,0.1161379999999999
2026-04-23T03:23:41.476482+00:00,google,gemini-2.5-flash,cold,en,Q49,48,44,3.4e-05,0.1161719999999999
2026-04-23T03:23:47.609162+00:00,google,gemini-2.5-flash,cold,en,Q50,51,152,9.9e-05,0.1162709999999999
2026-04-23T03:24:00.656213+00:00,google,gemini-2.5-flash,cold,en,Q51,52,549,0.000337,0.1166079999999999
2026-04-23T03:24:13.786416+00:00,google,gemini-2.5-flash,cold,en,Q52,54,469,0.000289,0.1168969999999999
2026-04-23T03:24:26.629579+00:00,google,gemini-2.5-flash,cold,en,Q53,53,692,0.000423,0.11731999999999991
2026-04-23T03:24:30.885893+00:00,google,gemini-2.5-flash,cold,en,Q54,56,157,0.000103,0.11742299999999992
2026-04-23T03:24:34.409582+00:00,google,gemini-2.5-flash,cold,en,Q55,52,93,6.4e-05,0.11748699999999991
2026-04-23T03:24:44.711457+00:00,google,gemini-2.5-flash,cold,en,Q56,95,579,0.000362,0.11784899999999991
2026-04-23T03:24:55.760273+00:00,google,gemini-2.5-flash,cold,en,Q57,75,146,9.9e-05,0.11794799999999991
2026-04-23T03:25:10.142531+00:00,google,gemini-2.5-flash,cold,en,Q58,60,568,0.00035,0.11829799999999992
2026-04-23T03:25:23.505154+00:00,google,gemini-2.5-flash,cold,en,Q59,60,82,5.8e-05,0.11835599999999992
2026-04-23T03:25:36.463495+00:00,google,gemini-2.5-flash,cold,en,Q60,75,546,0.000339,0.11869499999999993
2026-04-23T03:25:49.863582+00:00,google,gemini-2.5-flash,cold,en,Q61,61,882,0.000538,0.11923299999999992
2026-04-23T03:26:01.741816+00:00,google,gemini-2.5-flash,cold,en,Q62,61,847,0.000517,0.11974999999999993
2026-04-23T03:26:14.583624+00:00,google,gemini-2.5-flash,cold,en,Q63,76,625,0.000386,0.12013599999999992
2026-04-23T03:26:19.023597+00:00,google,gemini-2.5-flash,cold,en,Q64,92,163,0.000112,0.12024799999999992
2026-04-23T03:26:31.163233+00:00,google,gemini-2.5-flash,cold,en,Q65,78,451,0.000282,0.12052999999999993
2026-04-23T03:26:37.117144+00:00,google,gemini-2.5-flash,cold,en,Q66,106,87,6.8e-05,0.12059799999999993
2026-04-23T03:26:49.389003+00:00,google,gemini-2.5-flash,cold,en,Q67,77,788,0.000484,0.12108199999999993
2026-04-23T03:27:01.332192+00:00,google,gemini-2.5-flash,cold,en,Q68,77,501,0.000312,0.12139399999999993
2026-04-23T03:27:16.337524+00:00,google,gemini-2.5-flash,cold,en,Q69,66,744,0.000456,0.12184999999999993
2026-04-23T03:27:27.046974+00:00,google,gemini-2.5-flash,cold,en,Q70,61,543,0.000335,0.12218499999999993
2026-04-23T03:27:36.423846+00:00,google,gemini-2.5-flash,cold,en,Q71,111,575,0.000362,0.12254699999999993
2026-04-23T03:27:49.164265+00:00,google,gemini-2.5-flash,cold,en,Q72,74,543,0.000337,0.12288399999999994
2026-04-23T03:28:00.680974+00:00,google,gemini-2.5-flash,cold,en,Q73,107,81,6.5e-05,0.12294899999999993
2026-04-23T03:28:13.326724+00:00,google,gemini-2.5-flash,cold,en,Q74,64,765,0.000469,0.12341799999999993
2026-04-23T03:28:33.353334+00:00,google,gemini-2.5-flash,cold,en,Q75,77,438,0.000274,0.12369199999999993
2026-04-23T03:28:34.595452+00:00,openai,gpt-4o-mini,hot,es,Q01,4935,17,0.00075,0.12444199999999993
2026-04-23T03:28:35.646703+00:00,openai,gpt-4o-mini,hot,es,Q02,4940,15,0.00075,0.12519199999999991
2026-04-23T03:28:36.861964+00:00,openai,gpt-4o-mini,hot,es,Q03,4935,14,0.000749,0.12594099999999991
2026-04-23T03:28:38.026187+00:00,openai,gpt-4o-mini,hot,es,Q04,4946,25,0.000757,0.12669799999999992
2026-04-23T03:28:38.889221+00:00,openai,gpt-4o-mini,hot,es,Q05,4933,12,0.000747,0.12744499999999992
2026-04-23T03:28:40.093176+00:00,openai,gpt-4o-mini,hot,es,Q06,4935,20,0.000752,0.12819699999999992
2026-04-23T03:28:41.368500+00:00,openai,gpt-4o-mini,hot,es,Q07,4935,20,0.000752,0.12894899999999992
2026-04-23T03:28:42.444578+00:00,openai,gpt-4o-mini,hot,es,Q08,4943,24,0.000756,0.12970499999999993
2026-04-23T03:28:43.594707+00:00,openai,gpt-4o-mini,hot,es,Q09,4935,16,0.00075,0.13045499999999993
2026-04-23T03:28:44.767870+00:00,openai,gpt-4o-mini,hot,es,Q10,4937,20,0.000753,0.13120799999999994
2026-04-23T03:28:45.800377+00:00,openai,gpt-4o-mini,hot,es,Q11,4932,18,0.000751,0.13195899999999994
2026-04-23T03:28:46.882871+00:00,openai,gpt-4o-mini,hot,es,Q12,4935,19,0.000752,0.13271099999999994
2026-04-23T03:28:48.096546+00:00,openai,gpt-4o-mini,hot,es,Q13,4942,26,0.000757,0.13346799999999995
2026-04-23T03:28:49.195232+00:00,openai,gpt-4o-mini,hot,es,Q14,4939,21,0.000753,0.13422099999999995
2026-04-23T03:28:50.456093+00:00,openai,gpt-4o-mini,hot,es,Q15,4930,17,0.00075,0.13497099999999995
2026-04-23T03:28:51.538237+00:00,openai,gpt-4o-mini,hot,es,Q16,4936,21,0.000753,0.13572399999999996
2026-04-23T03:28:52.565522+00:00,openai,gpt-4o-mini,hot,es,Q17,4936,20,0.000752,0.13647599999999996
2026-04-23T03:28:53.757842+00:00,openai,gpt-4o-mini,hot,es,Q18,4934,28,0.000757,0.13723299999999997
2026-04-23T03:28:54.931112+00:00,openai,gpt-4o-mini,hot,es,Q19,4935,19,0.000752,0.13798499999999997
2026-04-23T03:28:56.119726+00:00,openai,gpt-4o-mini,hot,es,Q20,4933,15,0.000749,0.13873399999999997
2026-04-23T03:28:57.232297+00:00,openai,gpt-4o-mini,hot,es,Q21,4937,20,0.000753,0.13948699999999997
2026-04-23T03:28:59.051924+00:00,openai,gpt-4o-mini,hot,es,Q22,4938,34,0.000761,0.14024799999999998
2026-04-23T03:29:00.393065+00:00,openai,gpt-4o-mini,hot,es,Q23,4937,34,0.000761,0.141009
2026-04-23T03:29:01.668869+00:00,openai,gpt-4o-mini,hot,es,Q24,4941,21,0.000754,0.141763
2026-04-23T03:29:03.453815+00:00,openai,gpt-4o-mini,hot,es,Q25,4936,78,0.000787,0.14255
2026-04-23T03:29:05.005940+00:00,openai,gpt-4o-mini,hot,es,Q26,4938,20,0.000753,0.143303
2026-04-23T03:29:06.720950+00:00,openai,gpt-4o-mini,hot,es,Q27,4936,75,0.000785,0.14408800000000002
2026-04-23T03:29:08.051613+00:00,openai,gpt-4o-mini,hot,es,Q28,4929,19,0.000751,0.14483900000000002
2026-04-23T03:29:09.154436+00:00,openai,gpt-4o-mini,hot,es,Q29,4938,28,0.000757,0.14559600000000003
2026-04-23T03:29:10.237270+00:00,openai,gpt-4o-mini,hot,es,Q30,4940,21,0.000754,0.14635000000000004
2026-04-23T03:29:11.935952+00:00,openai,gpt-4o-mini,hot,es,Q31,4934,17,0.00075,0.14710000000000004
2026-04-23T03:29:12.907526+00:00,openai,gpt-4o-mini,hot,es,Q32,4937,19,0.000752,0.14785200000000004
2026-04-23T03:29:14.950720+00:00,openai,gpt-4o-mini,hot,es,Q33,4938,112,0.000808,0.14866000000000004
2026-04-23T03:29:16.975364+00:00,openai,gpt-4o-mini,hot,es,Q34,4947,78,0.000789,0.14944900000000005
2026-04-23T03:29:18.693003+00:00,openai,gpt-4o-mini,hot,es,Q35,4939,34,0.000761,0.15021000000000007
2026-04-23T03:29:19.900247+00:00,openai,gpt-4o-mini,hot,es,Q36,4942,29,0.000759,0.15096900000000008
2026-04-23T03:29:23.433506+00:00,openai,gpt-4o-mini,hot,es,Q37,4947,148,0.000831,0.15180000000000007
2026-04-23T03:29:24.559127+00:00,openai,gpt-4o-mini,hot,es,Q38,4936,31,0.000759,0.15255900000000008
2026-04-23T03:29:25.971262+00:00,openai,gpt-4o-mini,hot,es,Q39,4936,45,0.000767,0.15332600000000007
2026-04-23T03:29:28.526764+00:00,openai,gpt-4o-mini,hot,es,Q40,4953,93,0.000799,0.15412500000000007
2026-04-23T03:29:32.335519+00:00,openai,gpt-4o-mini,hot,es,Q41,4945,224,0.000876,0.15500100000000006
2026-04-23T03:29:34.400990+00:00,openai,gpt-4o-mini,hot,es,Q42,4939,91,0.000795,0.15579600000000005
2026-04-23T03:29:35.943673+00:00,openai,gpt-4o-mini,hot,es,Q43,4933,21,0.000753,0.15654900000000005
2026-04-23T03:29:37.294191+00:00,openai,gpt-4o-mini,hot,es,Q44,4938,33,0.00076,0.15730900000000006
2026-04-23T03:29:38.418953+00:00,openai,gpt-4o-mini,hot,es,Q45,4945,25,0.000757,0.15806600000000007
2026-04-23T03:29:39.317631+00:00,openai,gpt-4o-mini,hot,es,Q46,4947,16,0.000752,0.15881800000000007
2026-04-23T03:29:40.686258+00:00,openai,gpt-4o-mini,hot,es,Q47,4949,28,0.000759,0.15957700000000008
2026-04-23T03:29:42.357704+00:00,openai,gpt-4o-mini,hot,es,Q48,4940,49,0.00077,0.16034700000000007
2026-04-23T03:29:44.026499+00:00,openai,gpt-4o-mini,hot,es,Q49,4933,58,0.000775,0.16112200000000007
2026-04-23T03:29:46.632332+00:00,openai,gpt-4o-mini,hot,es,Q50,4940,133,0.000821,0.16194300000000006
2026-04-23T03:29:51.370756+00:00,openai,gpt-4o-mini,hot,es,Q51,4941,287,0.000913,0.16285600000000006
2026-04-23T03:29:55.712689+00:00,openai,gpt-4o-mini,hot,es,Q52,4944,233,0.000881,0.16373700000000005
2026-04-23T03:30:01.416439+00:00,openai,gpt-4o-mini,hot,es,Q53,4942,204,0.000864,0.16460100000000005
2026-04-23T03:30:02.909510+00:00,openai,gpt-4o-mini,hot,es,Q54,4950,36,0.000764,0.16536500000000004
2026-04-23T03:30:04.046279+00:00,openai,gpt-4o-mini,hot,es,Q55,4940,22,0.000754,0.16611900000000004
2026-04-23T03:30:11.914785+00:00,openai,gpt-4o-mini,hot,es,Q56,4991,409,0.000994,0.16711300000000004
2026-04-23T03:30:23.896834+00:00,openai,gpt-4o-mini,hot,es,Q57,4966,826,0.00124,0.16835300000000003
2026-04-23T03:30:29.782662+00:00,openai,gpt-4o-mini,hot,es,Q58,4955,376,0.000969,0.16932200000000003
2026-04-23T03:30:34.756124+00:00,openai,gpt-4o-mini,hot,es,Q59,4948,266,0.000902,0.17022400000000004
2026-04-23T03:30:39.345008+00:00,openai,gpt-4o-mini,hot,es,Q60,4965,209,0.00087,0.17109400000000005
2026-04-23T03:30:46.037692+00:00,openai,gpt-4o-mini,hot,es,Q61,4957,430,0.001002,0.17209600000000005
2026-04-23T03:30:53.475023+00:00,openai,gpt-4o-mini,hot,es,Q62,4956,441,0.001008,0.17310400000000006
2026-04-23T03:31:00.086053+00:00,openai,gpt-4o-mini,hot,es,Q63,4975,426,0.001002,0.17410600000000007
2026-04-23T03:31:11.174494+00:00,openai,gpt-4o-mini,hot,es,Q64,4993,657,0.001143,0.17524900000000007
2026-04-23T03:31:23.409926+00:00,openai,gpt-4o-mini,hot,es,Q65,4974,679,0.001154,0.17640300000000006
2026-04-23T03:31:26.013303+00:00,openai,gpt-4o-mini,hot,es,Q66,4993,133,0.000829,0.17723200000000006
2026-04-23T03:31:31.455428+00:00,openai,gpt-4o-mini,hot,es,Q67,4969,299,0.000925,0.17815700000000007
2026-04-23T03:31:37.869140+00:00,openai,gpt-4o-mini,hot,es,Q68,4964,191,0.000859,0.17901600000000006
2026-04-23T03:31:43.312437+00:00,openai,gpt-4o-mini,hot,es,Q69,4958,313,0.000931,0.17994700000000005
2026-04-23T03:31:45.791334+00:00,openai,gpt-4o-mini,hot,es,Q70,4949,109,0.000808,0.18075500000000005
2026-04-23T03:31:56.170961+00:00,openai,gpt-4o-mini,hot,es,Q71,5013,600,0.001112,0.18186700000000006
2026-04-23T03:32:00.065417+00:00,openai,gpt-4o-mini,hot,es,Q72,4964,199,0.000864,0.18273100000000006
2026-04-23T03:32:02.256640+00:00,openai,gpt-4o-mini,hot,es,Q73,4993,102,0.00081,0.18354100000000007
2026-04-23T03:32:05.553016+00:00,openai,gpt-4o-mini,hot,es,Q74,4953,187,0.000855,0.18439600000000006
2026-04-23T03:32:08.892379+00:00,openai,gpt-4o-mini,hot,es,Q75,4977,214,0.000875,0.18527100000000005
2026-04-23T03:32:10.728076+00:00,openai,gpt-4o-mini,cold,es,Q01,52,48,3.7e-05,0.18530800000000006
2026-04-23T03:32:13.263862+00:00,openai,gpt-4o-mini,cold,es,Q02,57,82,5.8e-05,0.18536600000000006
2026-04-23T03:32:14.920438+00:00,openai,gpt-4o-mini,cold,es,Q03,52,56,4.1e-05,0.18540700000000007
2026-04-23T03:32:16.590545+00:00,openai,gpt-4o-mini,cold,es,Q04,63,62,4.7e-05,0.18545400000000006
2026-04-23T03:32:17.995456+00:00,openai,gpt-4o-mini,cold,es,Q05,50,48,3.6e-05,0.18549000000000007
2026-04-23T03:32:19.176186+00:00,openai,gpt-4o-mini,cold,es,Q06,52,49,3.7e-05,0.18552700000000008
2026-04-23T03:32:21.471839+00:00,openai,gpt-4o-mini,cold,es,Q07,52,49,3.7e-05,0.1855640000000001
2026-04-23T03:32:23.099150+00:00,openai,gpt-4o-mini,cold,es,Q08,60,69,5e-05,0.18561400000000008
2026-04-23T03:32:24.554631+00:00,openai,gpt-4o-mini,cold,es,Q09,52,47,3.6e-05,0.1856500000000001
2026-04-23T03:32:26.196386+00:00,openai,gpt-4o-mini,cold,es,Q10,54,52,3.9e-05,0.1856890000000001
2026-04-23T03:32:28.057723+00:00,openai,gpt-4o-mini,cold,es,Q11,49,83,5.7e-05,0.1857460000000001
2026-04-23T03:32:29.190030+00:00,openai,gpt-4o-mini,cold,es,Q12,52,45,3.5e-05,0.1857810000000001
2026-04-23T03:32:31.005482+00:00,openai,gpt-4o-mini,cold,es,Q13,59,50,3.9e-05,0.18582000000000012
2026-04-23T03:32:32.895374+00:00,openai,gpt-4o-mini,cold,es,Q14,56,61,4.5e-05,0.1858650000000001
2026-04-23T03:32:34.717868+00:00,openai,gpt-4o-mini,cold,es,Q15,47,39,3e-05,0.18589500000000012
2026-04-23T03:32:36.026189+00:00,openai,gpt-4o-mini,cold,es,Q16,53,47,3.6e-05,0.18593100000000012
2026-04-23T03:32:36.937433+00:00,openai,gpt-4o-mini,cold,es,Q17,53,21,2.1e-05,0.18595200000000012
2026-04-23T03:32:39.418872+00:00,openai,gpt-4o-mini,cold,es,Q18,51,71,5e-05,0.1860020000000001
2026-04-23T03:32:41.545467+00:00,openai,gpt-4o-mini,cold,es,Q19,52,65,4.7e-05,0.1860490000000001
2026-04-23T03:32:43.167666+00:00,openai,gpt-4o-mini,cold,es,Q20,50,42,3.3e-05,0.1860820000000001
2026-04-23T03:32:44.894754+00:00,openai,gpt-4o-mini,cold,es,Q21,54,55,4.1e-05,0.18612300000000012
2026-04-23T03:32:46.082216+00:00,openai,gpt-4o-mini,cold,es,Q22,55,42,3.3e-05,0.18615600000000013
2026-04-23T03:32:48.344536+00:00,openai,gpt-4o-mini,cold,es,Q23,54,119,7.9e-05,0.18623500000000012
2026-04-23T03:32:49.841636+00:00,openai,gpt-4o-mini,cold,es,Q24,58,59,4.4e-05,0.1862790000000001
2026-04-23T03:32:51.961256+00:00,openai,gpt-4o-mini,cold,es,Q25,53,54,4e-05,0.18631900000000012
2026-04-23T03:32:53.460512+00:00,openai,gpt-4o-mini,cold,es,Q26,55,47,3.6e-05,0.18635500000000013
2026-04-23T03:32:54.972971+00:00,openai,gpt-4o-mini,cold,es,Q27,53,61,4.5e-05,0.18640000000000012
2026-04-23T03:32:56.699583+00:00,openai,gpt-4o-mini,cold,es,Q28,46,68,4.8e-05,0.1864480000000001
2026-04-23T03:32:58.318895+00:00,openai,gpt-4o-mini,cold,es,Q29,55,67,4.8e-05,0.1864960000000001
2026-04-23T03:33:00.339662+00:00,openai,gpt-4o-mini,cold,es,Q30,57,35,3e-05,0.1865260000000001
2026-04-23T03:33:01.970086+00:00,openai,gpt-4o-mini,cold,es,Q31,51,43,3.3e-05,0.1865590000000001
2026-04-23T03:33:06.295080+00:00,openai,gpt-4o-mini,cold,es,Q32,54,132,8.7e-05,0.18664600000000012
2026-04-23T03:33:11.793498+00:00,openai,gpt-4o-mini,cold,es,Q33,55,249,0.000158,0.1868040000000001
2026-04-23T03:33:13.607178+00:00,openai,gpt-4o-mini,cold,es,Q34,64,92,6.5e-05,0.18686900000000012
2026-04-23T03:33:16.958284+00:00,openai,gpt-4o-mini,cold,es,Q35,56,63,4.6e-05,0.1869150000000001
2026-04-23T03:33:18.808914+00:00,openai,gpt-4o-mini,cold,es,Q36,59,55,4.2e-05,0.1869570000000001
2026-04-23T03:33:24.721092+00:00,openai,gpt-4o-mini,cold,es,Q37,64,245,0.000157,0.18711400000000009
2026-04-23T03:33:26.382605+00:00,openai,gpt-4o-mini,cold,es,Q38,53,51,3.9e-05,0.1871530000000001
2026-04-23T03:33:27.762707+00:00,openai,gpt-4o-mini,cold,es,Q39,53,47,3.6e-05,0.1871890000000001
2026-04-23T03:33:29.300570+00:00,openai,gpt-4o-mini,cold,es,Q40,70,55,4.4e-05,0.1872330000000001
2026-04-23T03:33:37.020148+00:00,openai,gpt-4o-mini,cold,es,Q41,62,324,0.000204,0.1874370000000001
2026-04-23T03:33:39.531801+00:00,openai,gpt-4o-mini,cold,es,Q42,56,84,5.9e-05,0.1874960000000001
2026-04-23T03:33:41.135731+00:00,openai,gpt-4o-mini,cold,es,Q43,50,57,4.2e-05,0.1875380000000001
2026-04-23T03:33:44.418315+00:00,openai,gpt-4o-mini,cold,es,Q44,55,181,0.000117,0.1876550000000001
2026-04-23T03:33:46.175654+00:00,openai,gpt-4o-mini,cold,es,Q45,62,59,4.5e-05,0.1877000000000001
2026-04-23T03:33:48.052055+00:00,openai,gpt-4o-mini,cold,es,Q46,64,61,4.6e-05,0.18774600000000008
2026-04-23T03:33:49.880691+00:00,openai,gpt-4o-mini,cold,es,Q47,66,55,4.3e-05,0.18778900000000007
2026-04-23T03:33:52.960114+00:00,openai,gpt-4o-mini,cold,es,Q48,57,160,0.000105,0.18789400000000006
2026-04-23T03:33:53.972562+00:00,openai,gpt-4o-mini,cold,es,Q49,50,27,2.4e-05,0.18791800000000006
2026-04-23T03:33:55.477018+00:00,openai,gpt-4o-mini,cold,es,Q50,57,59,4.4e-05,0.18796200000000005
2026-04-23T03:33:58.862133+00:00,openai,gpt-4o-mini,cold,es,Q51,58,191,0.000123,0.18808500000000006
2026-04-23T03:34:05.332671+00:00,openai,gpt-4o-mini,cold,es,Q52,61,334,0.00021,0.18829500000000005
2026-04-23T03:34:08.100188+00:00,openai,gpt-4o-mini,cold,es,Q53,59,153,0.000101,0.18839600000000004
2026-04-23T03:34:09.338987+00:00,openai,gpt-4o-mini,cold,es,Q54,67,49,3.9e-05,0.18843500000000005
2026-04-23T03:34:10.703883+00:00,openai,gpt-4o-mini,cold,es,Q55,57,45,3.6e-05,0.18847100000000006
2026-04-23T03:34:19.645621+00:00,openai,gpt-4o-mini,cold,es,Q56,108,508,0.000321,0.18879200000000004
2026-04-23T03:34:27.477740+00:00,openai,gpt-4o-mini,cold,es,Q57,83,419,0.000264,0.18905600000000003
2026-04-23T03:34:36.328399+00:00,openai,gpt-4o-mini,cold,es,Q58,72,351,0.000221,0.18927700000000003
2026-04-23T03:34:39.731816+00:00,openai,gpt-4o-mini,cold,es,Q59,65,233,0.00015,0.18942700000000004
2026-04-23T03:34:44.627220+00:00,openai,gpt-4o-mini,cold,es,Q60,82,269,0.000174,0.18960100000000005
2026-04-23T03:34:53.470063+00:00,openai,gpt-4o-mini,cold,es,Q61,74,429,0.000269,0.18987000000000004
2026-04-23T03:34:56.981105+00:00,openai,gpt-4o-mini,cold,es,Q62,73,187,0.000123,0.18999300000000005
2026-04-23T03:35:06.581879+00:00,openai,gpt-4o-mini,cold,es,Q63,92,450,0.000284,0.19027700000000006
2026-04-23T03:35:08.239350+00:00,openai,gpt-4o-mini,cold,es,Q64,110,79,6.4e-05,0.19034100000000007
2026-04-23T03:35:16.547020+00:00,openai,gpt-4o-mini,cold,es,Q65,91,354,0.000226,0.19056700000000007
2026-04-23T03:35:18.780699+00:00,openai,gpt-4o-mini,cold,es,Q66,110,76,6.2e-05,0.19062900000000008
2026-04-23T03:35:24.769651+00:00,openai,gpt-4o-mini,cold,es,Q67,86,268,0.000174,0.19080300000000008
2026-04-23T03:35:28.473246+00:00,openai,gpt-4o-mini,cold,es,Q68,81,264,0.000171,0.1909740000000001
2026-04-23T03:35:34.420530+00:00,openai,gpt-4o-mini,cold,es,Q69,75,255,0.000164,0.19113800000000009
2026-04-23T03:35:38.046841+00:00,openai,gpt-4o-mini,cold,es,Q70,66,101,7e-05,0.19120800000000007
2026-04-23T03:35:46.493849+00:00,openai,gpt-4o-mini,cold,es,Q71,130,531,0.000338,0.19154600000000008
2026-04-23T03:35:49.394474+00:00,openai,gpt-4o-mini,cold,es,Q72,81,168,0.000113,0.19165900000000008
2026-04-23T03:35:51.474531+00:00,openai,gpt-4o-mini,cold,es,Q73,110,123,9e-05,0.19174900000000009
2026-04-23T03:35:55.769386+00:00,openai,gpt-4o-mini,cold,es,Q74,70,229,0.000148,0.1918970000000001
2026-04-23T03:36:00.105672+00:00,openai,gpt-4o-mini,cold,es,Q75,94,195,0.000131,0.1920280000000001
2026-04-23T03:36:02.824236+00:00,google,gemini-2.5-flash,hot,es,Q01,5383,19,0.000819,0.19284700000000007
2026-04-23T03:36:04.607936+00:00,google,gemini-2.5-flash,hot,es,Q02,5387,34,0.000828,0.19367500000000007
2026-04-23T03:36:07.193694+00:00,google,gemini-2.5-flash,hot,es,Q03,5383,16,0.000817,0.19449200000000008
2026-04-23T03:36:10.098830+00:00,google,gemini-2.5-flash,hot,es,Q04,5393,32,0.000828,0.19532000000000008
2026-04-23T03:36:11.691259+00:00,google,gemini-2.5-flash,hot,es,Q05,5381,14,0.000816,0.1961360000000001
2026-04-23T03:36:13.574664+00:00,google,gemini-2.5-flash,hot,es,Q06,5384,21,0.00082,0.19695600000000008
2026-04-23T03:36:17.337817+00:00,google,gemini-2.5-flash,hot,es,Q07,5383,45,0.000834,0.19779000000000008
2026-04-23T03:36:19.537168+00:00,google,gemini-2.5-flash,hot,es,Q08,5392,29,0.000826,0.19861600000000007
2026-04-23T03:36:21.327482+00:00,google,gemini-2.5-flash,hot,es,Q09,5383,19,0.000819,0.19943500000000006
2026-04-23T03:36:23.861751+00:00,google,gemini-2.5-flash,hot,es,Q10,5385,23,0.000822,0.20025700000000005
2026-04-23T03:36:26.148065+00:00,google,gemini-2.5-flash,hot,es,Q11,5380,22,0.00082,0.20107700000000003
2026-04-23T03:36:28.113791+00:00,google,gemini-2.5-flash,hot,es,Q12,5383,20,0.000819,0.20189600000000002
2026-04-23T03:36:30.551417+00:00,google,gemini-2.5-flash,hot,es,Q13,5390,31,0.000827,0.20272300000000001
2026-04-23T03:36:33.109895+00:00,google,gemini-2.5-flash,hot,es,Q14,5387,25,0.000823,0.203546
2026-04-23T03:36:35.748985+00:00,google,gemini-2.5-flash,hot,es,Q15,5379,20,0.000819,0.204365
2026-04-23T03:36:38.055226+00:00,google,gemini-2.5-flash,hot,es,Q16,5384,18,0.000818,0.205183
2026-04-23T03:36:39.931831+00:00,google,gemini-2.5-flash,hot,es,Q17,5384,23,0.000821,0.206004
2026-04-23T03:36:41.789066+00:00,google,gemini-2.5-flash,hot,es,Q18,5381,26,0.000823,0.20682699999999998
2026-04-23T03:36:43.384729+00:00,google,gemini-2.5-flash,hot,es,Q19,5385,21,0.00082,0.20764699999999997
2026-04-23T03:36:47.136239+00:00,google,gemini-2.5-flash,hot,es,Q20,5381,17,0.000817,0.20846399999999998
2026-04-23T03:36:48.838889+00:00,google,gemini-2.5-flash,hot,es,Q21,5386,22,0.000821,0.20928499999999997
2026-04-23T03:36:50.991608+00:00,google,gemini-2.5-flash,hot,es,Q22,5387,36,0.00083,0.21011499999999997
2026-04-23T03:36:53.135848+00:00,google,gemini-2.5-flash,hot,es,Q23,5384,21,0.00082,0.21093499999999996
2026-04-23T03:36:54.905270+00:00,google,gemini-2.5-flash,hot,es,Q24,5387,29,0.000825,0.21175999999999995
2026-04-23T03:36:56.898950+00:00,google,gemini-2.5-flash,hot,es,Q25,5385,91,0.000862,0.21262199999999995
2026-04-23T03:36:59.102766+00:00,google,gemini-2.5-flash,hot,es,Q26,5386,27,0.000824,0.21344599999999994
2026-04-23T03:37:02.061001+00:00,google,gemini-2.5-flash,hot,es,Q27,5384,121,0.00088,0.21432599999999993
2026-04-23T03:37:04.386043+00:00,google,gemini-2.5-flash,hot,es,Q28,5378,16,0.000816,0.21514199999999994
2026-04-23T03:37:06.319132+00:00,google,gemini-2.5-flash,hot,es,Q29,5386,31,0.000826,0.21596799999999994
2026-04-23T03:37:08.293149+00:00,google,gemini-2.5-flash,hot,es,Q30,5387,26,0.000824,0.21679199999999993
2026-04-23T03:37:10.561781+00:00,google,gemini-2.5-flash,hot,es,Q31,5382,15,0.000816,0.21760799999999994
2026-04-23T03:37:12.752521+00:00,google,gemini-2.5-flash,hot,es,Q32,5386,20,0.00082,0.21842799999999993
2026-04-23T03:37:14.958376+00:00,google,gemini-2.5-flash,hot,es,Q33,5386,99,0.000867,0.21929499999999993
2026-04-23T03:37:17.764039+00:00,google,gemini-2.5-flash,hot,es,Q34,5393,89,0.000862,0.22015699999999994
2026-04-23T03:37:20.657734+00:00,google,gemini-2.5-flash,hot,es,Q35,5387,27,0.000824,0.22098099999999993
2026-04-23T03:37:22.864563+00:00,google,gemini-2.5-flash,hot,es,Q36,5390,31,0.000827,0.22180799999999992
2026-04-23T03:37:25.312373+00:00,google,gemini-2.5-flash,hot,es,Q37,5394,120,0.000881,0.22268899999999991
2026-04-23T03:37:27.354888+00:00,google,gemini-2.5-flash,hot,es,Q38,5385,33,0.000828,0.2235169999999999
2026-04-23T03:37:29.132883+00:00,google,gemini-2.5-flash,hot,es,Q39,5384,52,0.000839,0.22435599999999992
2026-04-23T03:37:31.323313+00:00,google,gemini-2.5-flash,hot,es,Q40,5401,59,0.000846,0.22520199999999993
2026-04-23T03:37:34.864487+00:00,google,gemini-2.5-flash,hot,es,Q41,5395,212,0.000936,0.22613799999999992
2026-04-23T03:37:36.727325+00:00,google,gemini-2.5-flash,hot,es,Q42,5388,33,0.000828,0.22696599999999992
2026-04-23T03:37:38.792990+00:00,google,gemini-2.5-flash,hot,es,Q43,5382,24,0.000822,0.2277879999999999
2026-04-23T03:37:41.510296+00:00,google,gemini-2.5-flash,hot,es,Q44,5386,34,0.000828,0.2286159999999999
2026-04-23T03:37:43.610473+00:00,google,gemini-2.5-flash,hot,es,Q45,5392,26,0.000824,0.2294399999999999
2026-04-23T03:37:45.887461+00:00,google,gemini-2.5-flash,hot,es,Q46,5396,26,0.000825,0.2302649999999999
2026-04-23T03:37:47.845157+00:00,google,gemini-2.5-flash,hot,es,Q47,5400,64,0.000848,0.23111299999999987
2026-04-23T03:37:49.978569+00:00,google,gemini-2.5-flash,hot,es,Q48,5389,42,0.000834,0.23194699999999988
2026-04-23T03:37:52.198729+00:00,google,gemini-2.5-flash,hot,es,Q49,5384,48,0.000836,0.23278299999999988
2026-04-23T03:37:54.523358+00:00,google,gemini-2.5-flash,hot,es,Q50,5390,73,0.000852,0.23363499999999987
2026-04-23T03:37:57.565500+00:00,google,gemini-2.5-flash,hot,es,Q51,5390,218,0.000939,0.23457399999999987
2026-04-23T03:38:05.263601+00:00,google,gemini-2.5-flash,hot,es,Q52,5392,371,0.001031,0.23560499999999987
2026-04-23T03:38:07.427012+00:00,google,gemini-2.5-flash,hot,es,Q53,5390,30,0.000826,0.23643099999999986
2026-04-23T03:38:09.396039+00:00,google,gemini-2.5-flash,hot,es,Q54,5397,30,0.000828,0.23725899999999986
2026-04-23T03:38:11.049104+00:00,google,gemini-2.5-flash,hot,es,Q55,5388,18,0.000819,0.23807799999999985
2026-04-23T03:38:19.212380+00:00,google,gemini-2.5-flash,hot,es,Q56,5442,400,0.001056,0.23913399999999985
2026-04-23T03:38:30.158926+00:00,google,gemini-2.5-flash,hot,es,Q57,5418,368,0.001033,0.24016699999999985
2026-04-23T03:38:39.709291+00:00,google,gemini-2.5-flash,hot,es,Q58,5403,407,0.001055,0.24122199999999985
2026-04-23T03:38:46.249219+00:00,google,gemini-2.5-flash,hot,es,Q59,5397,512,0.001117,0.24233899999999986
2026-04-23T03:38:57.333702+00:00,google,gemini-2.5-flash,hot,es,Q60,5419,451,0.001083,0.24342199999999986
2026-04-23T03:39:08.823490+00:00,google,gemini-2.5-flash,hot,es,Q61,5405,616,0.00118,0.24460199999999985
2026-04-23T03:39:19.044808+00:00,google,gemini-2.5-flash,hot,es,Q62,5406,710,0.001237,0.24583899999999984
2026-04-23T03:39:30.050074+00:00,google,gemini-2.5-flash,hot,es,Q63,5420,644,0.001199,0.24703799999999984
2026-04-23T03:39:40.794878+00:00,google,gemini-2.5-flash,hot,es,Q64,5438,82,0.000865,0.24790299999999985
2026-04-23T03:39:51.774926+00:00,google,gemini-2.5-flash,hot,es,Q65,5421,250,0.000963,0.24886599999999984
2026-04-23T03:39:59.683049+00:00,google,gemini-2.5-flash,hot,es,Q66,5451,221,0.00095,0.24981599999999984
2026-04-23T03:40:10.671051+00:00,google,gemini-2.5-flash,hot,es,Q67,5418,760,0.001269,0.25108499999999984
2026-04-23T03:40:19.852006+00:00,google,gemini-2.5-flash,hot,es,Q68,5414,378,0.001039,0.25212399999999985
2026-04-23T03:40:27.951694+00:00,google,gemini-2.5-flash,hot,es,Q69,5406,317,0.001001,0.2531249999999998
2026-04-23T03:40:31.444543+00:00,google,gemini-2.5-flash,hot,es,Q70,5398,174,0.000914,0.25403899999999985
2026-04-23T03:40:42.169841+00:00,google,gemini-2.5-flash,hot,es,Q71,5464,365,0.001039,0.25507799999999986
2026-04-23T03:40:49.460496+00:00,google,gemini-2.5-flash,hot,es,Q72,5411,140,0.000896,0.25597399999999987
2026-04-23T03:40:57.248317+00:00,google,gemini-2.5-flash,hot,es,Q73,5446,99,0.000876,0.25684999999999986
2026-04-23T03:41:02.483978+00:00,google,gemini-2.5-flash,hot,es,Q74,5401,132,0.000889,0.25773899999999983
2026-04-23T03:41:18.972929+00:00,google,gemini-2.5-flash,hot,es,Q75,5422,195,0.00093,0.2586689999999998
2026-04-23T03:41:24.127289+00:00,google,gemini-2.5-flash,cold,es,Q01,42,64,4.5e-05,0.25871399999999983
2026-04-23T03:41:29.505997+00:00,google,gemini-2.5-flash,cold,es,Q02,46,110,7.3e-05,0.2587869999999998
2026-04-23T03:41:34.341294+00:00,google,gemini-2.5-flash,cold,es,Q03,42,125,8.1e-05,0.2588679999999998
2026-04-23T03:41:40.849779+00:00,google,gemini-2.5-flash,cold,es,Q04,52,244,0.000154,0.2590219999999998
2026-04-23T03:41:44.695124+00:00,google,gemini-2.5-flash,cold,es,Q05,40,44,3.2e-05,0.2590539999999998
2026-04-23T03:41:50.278359+00:00,google,gemini-2.5-flash,cold,es,Q06,43,141,9.1e-05,0.2591449999999998
2026-04-23T03:41:58.882310+00:00,google,gemini-2.5-flash,cold,es,Q07,42,145,9.3e-05,0.2592379999999998
2026-04-23T03:42:04.610310+00:00,google,gemini-2.5-flash,cold,es,Q08,51,126,8.3e-05,0.2593209999999998
2026-04-23T03:42:07.960866+00:00,google,gemini-2.5-flash,cold,es,Q09,42,82,5.5e-05,0.25937599999999983
2026-04-23T03:42:14.313526+00:00,google,gemini-2.5-flash,cold,es,Q10,44,133,8.6e-05,0.2594619999999998
2026-04-23T03:42:22.238172+00:00,google,gemini-2.5-flash,cold,es,Q11,39,388,0.000239,0.2597009999999998
2026-04-23T03:42:26.773805+00:00,google,gemini-2.5-flash,cold,es,Q12,42,163,0.000104,0.2598049999999998
2026-04-23T03:42:29.694506+00:00,google,gemini-2.5-flash,cold,es,Q13,49,97,6.6e-05,0.2598709999999998
2026-04-23T03:42:36.015574+00:00,google,gemini-2.5-flash,cold,es,Q14,46,220,0.000139,0.2600099999999998
2026-04-23T03:42:39.054623+00:00,google,gemini-2.5-flash,cold,es,Q15,38,19,1.7e-05,0.2600269999999998
2026-04-23T03:42:43.700348+00:00,google,gemini-2.5-flash,cold,es,Q16,43,74,5.1e-05,0.2600779999999998
2026-04-23T03:42:50.177420+00:00,google,gemini-2.5-flash,cold,es,Q17,43,151,9.7e-05,0.2601749999999998
2026-04-23T03:42:58.829304+00:00,google,gemini-2.5-flash,cold,es,Q18,40,312,0.000193,0.2603679999999998
2026-04-23T03:43:05.353753+00:00,google,gemini-2.5-flash,cold,es,Q19,44,175,0.000112,0.2604799999999998
2026-04-23T03:43:12.466535+00:00,google,gemini-2.5-flash,cold,es,Q20,40,173,0.00011,0.2605899999999998
2026-04-23T03:43:22.159970+00:00,google,gemini-2.5-flash,cold,es,Q21,45,280,0.000175,0.2607649999999998
2026-04-23T03:43:27.871923+00:00,google,gemini-2.5-flash,cold,es,Q22,46,149,9.6e-05,0.2608609999999998
2026-04-23T03:43:37.166618+00:00,google,gemini-2.5-flash,cold,es,Q23,43,185,0.000117,0.26097799999999977
2026-04-23T03:43:42.029159+00:00,google,gemini-2.5-flash,cold,es,Q24,46,44,3.3e-05,0.26101099999999977
2026-04-23T03:43:48.956365+00:00,google,gemini-2.5-flash,cold,es,Q25,44,242,0.000152,0.26116299999999976
2026-04-23T03:43:55.049647+00:00,google,gemini-2.5-flash,cold,es,Q26,45,84,5.7e-05,0.26121999999999973
2026-04-23T03:44:03.662838+00:00,google,gemini-2.5-flash,cold,es,Q27,43,233,0.000146,0.2613659999999997
2026-04-23T03:44:06.823597+00:00,google,gemini-2.5-flash,cold,es,Q28,37,63,4.3e-05,0.2614089999999997
2026-04-23T03:44:16.036905+00:00,google,gemini-2.5-flash,cold,es,Q29,45,388,0.00024,0.26164899999999974
2026-04-23T03:44:20.148645+00:00,google,gemini-2.5-flash,cold,es,Q30,46,86,5.8e-05,0.26170699999999975
2026-04-23T03:44:23.593459+00:00,google,gemini-2.5-flash,cold,es,Q31,41,94,6.3e-05,0.2617699999999997
2026-04-23T03:44:33.231223+00:00,google,gemini-2.5-flash,cold,es,Q32,45,461,0.000283,0.2620529999999997
2026-04-23T03:44:46.315143+00:00,google,gemini-2.5-flash,cold,es,Q33,45,79,5.4e-05,0.2621069999999997
2026-04-23T03:44:58.491563+00:00,google,gemini-2.5-flash,cold,es,Q34,52,427,0.000264,0.2623709999999997
2026-04-23T03:45:04.687441+00:00,google,gemini-2.5-flash,cold,es,Q35,46,157,0.000101,0.2624719999999997
2026-04-23T03:45:11.852096+00:00,google,gemini-2.5-flash,cold,es,Q36,49,378,0.000234,0.2627059999999997
2026-04-23T03:45:21.842148+00:00,google,gemini-2.5-flash,cold,es,Q37,53,600,0.000368,0.2630739999999997
2026-04-23T03:45:30.186293+00:00,google,gemini-2.5-flash,cold,es,Q38,44,216,0.000136,0.2632099999999997
2026-04-23T03:45:35.971157+00:00,google,gemini-2.5-flash,cold,es,Q39,43,71,4.9e-05,0.26325899999999974
2026-04-23T03:45:45.787867+00:00,google,gemini-2.5-flash,cold,es,Q40,60,209,0.000134,0.26339299999999977
2026-04-23T03:45:57.739864+00:00,google,gemini-2.5-flash,cold,es,Q41,54,844,0.000514,0.2639069999999998
2026-04-23T03:46:05.231553+00:00,google,gemini-2.5-flash,cold,es,Q42,47,315,0.000196,0.26410299999999975
2026-04-23T03:46:08.981489+00:00,google,gemini-2.5-flash,cold,es,Q43,41,51,3.7e-05,0.26413999999999976
2026-04-23T03:46:23.625038+00:00,google,gemini-2.5-flash,cold,es,Q44,45,734,0.000447,0.26458699999999974
2026-04-23T03:46:30.090247+00:00,google,gemini-2.5-flash,cold,es,Q45,51,134,8.8e-05,0.2646749999999997
2026-04-23T03:46:35.737859+00:00,google,gemini-2.5-flash,cold,es,Q46,55,186,0.00012,0.2647949999999997
2026-04-23T03:46:43.180703+00:00,google,gemini-2.5-flash,cold,es,Q47,59,314,0.000197,0.26499199999999973
2026-04-23T03:46:54.927530+00:00,google,gemini-2.5-flash,cold,es,Q48,48,855,0.00052,0.26551199999999975
2026-04-23T03:46:58.493205+00:00,google,gemini-2.5-flash,cold,es,Q49,43,29,2.4e-05,0.26553599999999977
2026-04-23T03:47:07.912294+00:00,google,gemini-2.5-flash,cold,es,Q50,49,302,0.000189,0.26572499999999977
2026-04-23T03:47:21.869960+00:00,google,gemini-2.5-flash,cold,es,Q51,49,879,0.000535,0.2662599999999998
2026-04-23T03:47:34.070043+00:00,google,gemini-2.5-flash,cold,es,Q52,51,935,0.000569,0.26682899999999976
2026-04-23T03:47:46.162474+00:00,google,gemini-2.5-flash,cold,es,Q53,49,565,0.000346,0.2671749999999998
2026-04-23T03:47:54.128274+00:00,google,gemini-2.5-flash,cold,es,Q54,56,331,0.000207,0.2673819999999998
2026-04-23T03:48:00.206546+00:00,google,gemini-2.5-flash,cold,es,Q55,47,160,0.000103,0.2674849999999998
2026-04-23T03:48:09.881568+00:00,google,gemini-2.5-flash,cold,es,Q56,101,726,0.000451,0.2679359999999998
2026-04-23T03:48:20.642230+00:00,google,gemini-2.5-flash,cold,es,Q57,77,288,0.000184,0.2681199999999998
2026-04-23T03:48:33.237867+00:00,google,gemini-2.5-flash,cold,es,Q58,62,767,0.000469,0.2685889999999998
2026-04-23T03:48:46.137562+00:00,google,gemini-2.5-flash,cold,es,Q59,56,383,0.000238,0.2688269999999998
2026-04-23T03:48:58.214340+00:00,google,gemini-2.5-flash,cold,es,Q60,78,839,0.000515,0.2693419999999998
2026-04-23T03:49:10.863193+00:00,google,gemini-2.5-flash,cold,es,Q61,64,929,0.000567,0.2699089999999998
2026-04-23T03:49:23.198962+00:00,google,gemini-2.5-flash,cold,es,Q62,65,682,0.000419,0.2703279999999998
2026-04-23T03:49:35.327385+00:00,google,gemini-2.5-flash,cold,es,Q63,79,663,0.00041,0.2707379999999998
2026-04-23T03:49:42.605352+00:00,google,gemini-2.5-flash,cold,es,Q64,97,290,0.000189,0.2709269999999998
2026-04-23T03:49:54.691069+00:00,google,gemini-2.5-flash,cold,es,Q65,80,362,0.000229,0.2711559999999998
2026-04-23T03:50:02.190167+00:00,google,gemini-2.5-flash,cold,es,Q66,110,156,0.00011,0.2712659999999998
2026-04-23T03:50:15.131085+00:00,google,gemini-2.5-flash,cold,es,Q67,77,875,0.000537,0.2718029999999998
2026-04-23T03:50:26.476271+00:00,google,gemini-2.5-flash,cold,es,Q68,73,743,0.000457,0.2722599999999998
2026-04-23T03:50:38.829030+00:00,google,gemini-2.5-flash,cold,es,Q69,65,775,0.000475,0.2727349999999998
2026-04-23T03:50:51.984940+00:00,google,gemini-2.5-flash,cold,es,Q70,57,544,0.000335,0.27306999999999976
2026-04-23T03:51:03.340468+00:00,google,gemini-2.5-flash,cold,es,Q71,123,373,0.000242,0.2733119999999998
2026-04-23T03:51:16.950337+00:00,google,gemini-2.5-flash,cold,es,Q72,70,558,0.000345,0.27365699999999976
2026-04-23T03:51:28.844719+00:00,google,gemini-2.5-flash,cold,es,Q73,105,80,6.4e-05,0.27372099999999977
2026-04-23T03:51:41.427623+00:00,google,gemini-2.5-flash,cold,es,Q74,60,830,0.000507,0.27422799999999975
2026-04-23T03:51:59.049305+00:00,google,gemini-2.5-flash,cold,es,Q75,81,435,0.000273,0.2745009999999998
